序号,Shape *,名称,方位,最近地铁站,直线距离,通行距离,步行时间（分钟）,骑行时间（分钟）,驾车（分钟）
1,点,万丰路一十八号,南1,六里桥地铁站,798.751511,1089.630904,18.16051507,3.632103013,1.251595151
2,点,莲宝路10号院,南2,六里桥地铁站,791.620479,1160.211914,19.33686523,3.867373047,1.54360223
3,点,万丰路一十八号,北3,六里桥地铁站,945.063741,1330.122657,22.16871095,4.43374219,1.365931007
4,点,莲宝路10号院,东4,六里桥地铁站,804.002615,1097.458523,18.29097538,3.658195077,1.606357936
5,点,莲宝路10号院,东5,六里桥地铁站,843.845713,1069.857538,17.83095897,3.566191793,1.676352903
6,点,莲宝路10号院,北6,六里桥地铁站,934.614898,1253.425516,20.89042527,4.178085053,1.470174631
7,点,莲宝路七号院,南7,六里桥地铁站,895.709091,1097.991712,18.29986187,3.659972373,1.609167908
8,点,海淀九号,南8,六里桥地铁站,962.388569,1260.180982,21.00301637,4.200603273,1.480241531
9,点,吴家场铁路小区,南9,六里桥地铁站,895.396261,963.289669,16.05482782,3.210965563,1.698972343
10,点,海淀九号,东10,六里桥地铁站,988.305649,1226.125924,20.43543207,4.087086413,1.726798065
11,点,海淀九号,北11,六里桥地铁站,1091.973482,1423.083882,23.7180647,4.74361294,1.669804968
12,点,吴家场铁路小区,东12,莲花桥地铁站,935.161205,1194.868366,19.91447277,3.982894553,1.776490568
13,点,莲宝路七号院,北13,六里桥地铁站,1036.884664,1342.931282,22.38218803,4.476437607,2.044457222
14,点,莲花小区,南14,莲花桥地铁站,496.08358,1049.515688,17.49192813,3.498385627,1.072959937
15,点,莲花小区,南15,莲花桥地铁站,289.817013,1288.61295,21.4768825,4.2953765,1.232363676
16,点,莲花小区,西16,莲花桥地铁站,664.010931,784.212591,13.07020985,2.61404197,0.896085039
17,点,莲花小区,东17,莲花桥地铁站,244.078134,405.563415,6.75939025,1.35187805,0.540922591
18,点,吴家场经济适用房,西18,莲花桥地铁站,1056.652351,1138.279617,18.97132695,3.79426539,1.302903638
19,点,莲花小区,北19,莲花桥地铁站,520.601447,579.990165,9.66650275,1.93330055,0.572044613
20,点,莲花小区,北20,莲花桥地铁站,470.728468,529.624385,8.827073083,1.765414617,0.47130962
21,点,莲花小区,北21,莲花桥地铁站,419.766838,478.034797,7.967246617,1.593449323,0.368126652
22,点,吴家场经济适用房,北22,莲花桥地铁站,677.840744,764.691262,12.74485437,2.548970873,0.898249017
23,点,太平路44号院,南23,五棵松地铁站,1262.929021,1718.016953,28.63361588,5.726723177,2.207164261
24,点,新兴年代,南24,五棵松地铁站,1120.576776,1449.124777,24.15207962,4.830415923,2.064810018
25,点,太平路44号院,西25,五棵松地铁站,1215.03888,1711.668308,28.52780513,5.705561027,1.905335946
26,点,太平路甲21号院,西26,五棵松地铁站,1018.639776,1391.959894,23.19933157,4.639866313,2.415965507
27,点,太平路44号院,东27,五棵松地铁站,1030.573313,1707.830045,28.46383408,5.692766817,2.347262194
28,点,太平路34号院,东28,五棵松地铁站,861.921272,925.344402,15.4224067,3.08448134,1.832775005
29,点,太平路44号院,北29,五棵松地铁站,1043.948054,1586.313394,26.43855657,5.287711313,2.104219624
30,点,西翠路3号院,北30,五棵松地铁站,1014.380931,1502.278708,25.03797847,5.007595693,2.088579447
31,点,太平路36号院,北31,五棵松地铁站,800.943788,1009.387156,16.82311927,3.364623853,2.000866991
32,点,太平路38号院,北32,五棵松地铁站,825.772732,1131.595175,18.85991958,3.771983917,2.245292547
33,点,太平路44号院,北33,五棵松地铁站,1003.544981,1529.650525,25.49417542,5.098835083,1.990889424
34,点,太平路40号院,北34,五棵松地铁站,879.741841,1285.129102,21.41881837,4.283763673,2.416192505
35,点,西翠路3号院,北35,五棵松地铁站,945.119433,1395.322105,23.25536842,4.651073683,2.302500641
36,点,太平路42号院,东36,五棵松地铁站,905.375902,1341.980284,22.36633807,4.473267613,2.302485642
37,点,太平路50号院,北37,玉泉路地铁站,810.275864,1009.032158,16.81720263,3.363440527,0.86803632
38,点,太平路甲12号院,北38,五棵松地铁站,855.150768,1215.359919,20.25599865,4.05119973,2.298227684
39,点,太平路33号院,南39,玉泉路地铁站,878.116154,1266.839393,21.11398988,4.222797977,1.345743876
40,点,太平路31号院,东40,玉泉路地铁站,1075.571768,1536.481961,25.60803268,5.121606537,1.624763752
41,点,明日家园,南41,五棵松地铁站,758.255884,948.15417,15.8025695,3.1605139,1.778112552
42,点,太平路31号院,南42,玉泉路地铁站,1003.808383,1441.441943,24.02403238,4.804806477,1.771122955
43,点,今日家园小区,南43,五棵松地铁站,836.86197,1245.40608,20.756768,4.1513536,2.372638607
44,点,今日家园小区,南44,五棵松地铁站,913.430242,1400.160031,23.33600052,4.667200103,2.292824405
45,点,今日家园小区,南45,五棵松地铁站,986.822478,1522.379301,25.37298835,5.07459767,2.048376849
46,点,明日家园,东46,五棵松地铁站,809.017787,1236.573351,20.60955585,4.12191117,2.35497245
47,点,太平路31号院,南47,玉泉路地铁站,970.36784,1398.099557,23.30165928,4.660331857,1.684434822
48,点,羊坊店-17号院,南48,北京西站地铁站,607.095438,958.689157,15.97815262,3.195630523,1.338142285
49,点,今日家园小区,东49,五棵松地铁站,962.903441,1379.0085,22.983475,4.596695,1.879045543
50,点,羊坊店-17号院,西50,莲花桥地铁站,556.007133,818.865724,13.64776207,2.729552413,1.214628854
51,点,今日家园小区,北51,五棵松地铁站,773.810944,1509.442558,25.15737597,5.031475193,2.220902457
52,点,明日家园,北52,五棵松地铁站,605.586921,810.796368,13.5132728,2.70265456,0.845546211
53,点,明日家园,北53,五棵松地铁站,634.923648,916.399176,15.2733196,3.05466392,1.25199048
54,点,羊坊店-15号院,西54,军事博物馆地铁站,530.605016,1035.175004,17.25291673,3.450583347,1.283811828
55,点,永定路98号院,西55,五棵松地铁站,838.602586,1174.700662,19.57834437,3.915668873,1.547343526
56,点,北太平路16号院,西56,玉泉路地铁站,714.225607,993.485408,16.55809013,3.311618027,0.875173915
57,点,北蜂窝路5号院,西57,军事博物馆地铁站,442.247648,498.646302,8.3107717,1.66215434,1.899567004
58,点,羊坊店-15号院,北58,军事博物馆地铁站,391.15654,1094.953902,18.2492317,3.64984634,0.966950664
59,点,羊坊店-15号院,北59,军事博物馆地铁站,454.012868,990.879554,16.51465923,3.302931847,1.07102829
60,点,北太平路16号院,北60,玉泉路地铁站,805.12082,1082.992083,18.04986805,3.60997361,0.84069026
61,点,新华社皇亭子宿舍,南61,军事博物馆地铁站,445.304003,989.512517,16.49187528,3.298375057,1.072395276
62,点,北蜂窝路5号院,东62,军事博物馆地铁站,474.712182,691.800231,11.53000385,2.30600077,1.350822825
63,点,北京六建家属院,南63,五棵松地铁站,464.468981,889.851989,14.83086648,2.966173297,1.204939617
64,点,复兴路40号社区,南64,玉泉路地铁站,394.800049,621.435347,10.35725578,2.071451157,0.457372426
65,点,复兴路40号社区,南65,玉泉路地铁站,376.082796,523.85467,8.730911167,1.746182233,0.392316077
66,点,永定路西里,南66,五棵松地铁站,894.794874,1187.819527,19.79699212,3.959398423,1.556089772
67,点,永定路西里,南67,玉泉路地铁站,815.674669,1125.895238,18.76492063,3.752984127,0.9166465
68,点,北太平路3号院,南68,五棵松地铁站,517.018985,972.992073,16.21653455,3.24330691,1.260368396
69,点,北蜂窝路5号院,西69,军事博物馆地铁站,361.31538,417.454535,6.957575583,1.391515117,1.574789585
70,点,北太平路17号院,西70,玉泉路地铁站,628.15692,848.600246,14.14333743,2.828667487,0.773961927
71,点,北太平路3号院,西71,五棵松地铁站,476.271296,965.104527,16.08507545,3.21701509,1.255109782
72,点,新华社皇亭子宿舍,南72,军事博物馆地铁站,254.202469,994.724526,16.5787421,3.31574842,2.070763625
73,点,新华社皇亭子宿舍,西73,军事博物馆地铁站,399.290371,616.116526,10.26860877,2.053721753,1.26398236
74,点,永定路东街5号院,东74,五棵松地铁站,589.887174,781.095086,13.01825143,2.603650287,1.770717626
75,点,北蜂窝路5号院,北75,军事博物馆地铁站,382.101549,583.366954,9.722782567,1.944556513,1.185815808
76,点,北蜂窝路5号院,北76,军事博物馆地铁站,259.9985,357.091586,5.951526433,1.190305287,1.33333
77,点,北蜂窝路5号院,北77,军事博物馆地铁站,311.610424,530.866008,8.8477668,1.76955336,1.42902271
78,点,铁道部第一住宅区,东78,军事博物馆地铁站,292.49582,552.301345,9.205022417,1.841004483,1.3432789
79,点,永定路东街5号院,东79,五棵松地铁站,564.986339,727.358876,12.12264793,2.424529587,1.872719273
80,点,复兴路40号社区,西80,玉泉路地铁站,217.93716,242.317245,4.03862075,0.80772415,0.466414669
81,点,复兴路40号社区,西81,玉泉路地铁站,186.221356,202.058317,3.367638617,0.673527723,0.369369306
82,点,永定路东街5号院,东82,五棵松地铁站,548.662871,675.552149,11.25920248,2.251840497,1.665484012
83,点,永定路东街5号院,北83,五棵松地铁站,639.040924,766.138347,12.76897245,2.55379449,1.906471602
84,点,北京六建家属院,西84,五棵松地铁站,348.015679,319.04128,5.317354667,1.063470933,0.638107286
85,点,永定路西里,东85,五棵松地铁站,759.175433,857.76597,14.2960995,2.8592199,1.527872388
86,点,永定路西里,北86,玉泉路地铁站,770.59134,1426.82477,23.78041283,4.756082567,2.120412796
87,点,铁道部第一住宅区,北87,军事博物馆地铁站,130.412044,182.069221,3.034487017,0.606897403,0.633218334
88,点,复兴路40号社区,北88,玉泉路地铁站,155.000161,324.752091,5.41253485,1.08250697,0.51429319
89,点,百朗园,北89,五棵松地铁站,767.006632,800.914602,13.3485767,2.66971534,1.4899701
90,点,有色院小区,东90,军事博物馆地铁站,92.753379,148.996598,2.483276633,0.496655327,0.488630114
91,点,复兴路40号社区,西91,玉泉路地铁站,95.621354,111.66864,1.861144,0.3722288,0.19301707
92,点,嘉德公寓,西92,玉泉路地铁站,555.05047,572.678661,9.54464435,1.90892887,1.104743952
93,点,复兴路36号院,东93,五棵松地铁站,526.175519,547.787551,9.129792517,1.825958503,1.154405789
94,点,嘉德公寓,东94,玉泉路地铁站,680.462088,699.109984,11.65183307,2.330366613,1.357616757
95,点,有色院小区,西95,军事博物馆地铁站,99.996496,99.979633,1.666327217,0.333265443,0.199965667
96,点,复兴路36号院,北96,五棵松地铁站,576.301528,578.097727,9.634962117,1.926992423,1.156240437
97,点,复兴路36号院,西97,五棵松地铁站,628.615714,630.419986,10.50699977,2.101399953,1.260889058
98,点,四街坊,南98,玉泉路地铁站,779.402899,812.707539,13.54512565,2.70902513,1.566847331
99,点,西翠路12号院,南99,五棵松地铁站,775.179185,775.005022,12.91675037,2.583350073,1.271907281
100,点,复兴路81号院,南100,五棵松地铁站,446.43225,598.800675,9.98001125,1.99600225,1.134596987
101,点,复兴路甲-49号院,南101,万寿路,410.998116,442.879025,7.381317083,1.476263417,0.830547361
102,点,复兴路81号院,东102,五棵松地铁站,388.564535,539.668334,8.994472233,1.798894447,1.016327837
103,点,翠微路17号院,南103,万寿路,525.968706,558.010422,9.3001737,1.86003474,1.060818058
104,点,复兴路乙-59号院,东104,万寿路地铁站,18.025002,13.561968,0.2260328,0.04520656,0.027125062
105,点,中国水科院南小区,南105,木樨地地铁站,265.729583,265.20224,4.420037333,0.884007467,0.509402239
106,点,中国水科院南小区,南106,木樨地地铁站,413.87878,433.654068,7.2275678,1.44551356,0.924630087
107,点,中国水科院南小区,西107,军事博物馆地铁站,337.469643,456.23629,7.603938167,1.520787633,0.864477022
108,点,复兴路61号院,南108,万寿路地铁站,122.773944,119.670785,1.994513083,0.398902617,0.207266261
109,点,翠微路17号院,东109,万寿路,611.094643,722.853901,12.04756502,2.409513003,1.291261754
110,点,西翠路12号院,北110,五棵松地铁站,743.253647,823.961042,13.73268403,2.746536807,1.262615374
111,点,西翠路12号院,北111,五棵松地铁站,780.766186,826.015229,13.76692048,2.753384097,1.264669353
112,点,翠微路3号院,东112,万寿路,615.322316,743.137644,12.3856274,2.47712548,1.304784619
113,点,万寿路甲-6号院,东113,万寿路地铁站,99.739226,142.344623,2.372410383,0.474482077,0.139208941
114,点,四街坊,西114,玉泉路地铁站,564.673297,675.570253,11.25950422,2.251900843,1.339558271
115,点,翠微路22号院,西115,公主坟地铁站,524.819448,700.31511,11.6719185,2.3343837,0.905950274
116,点,万寿路18号院,东116,万寿路地铁站,220.235983,297.675204,4.9612534,0.99225068,0.38962277
117,点,中国水科院南小区,东117,木樨地地铁站,290.521801,395.64178,6.594029667,1.318805933,1.097110362
118,点,翠微路2号院,东118,万寿路,509.669085,819.898299,13.66497165,2.73299433,1.378863545
119,点,万寿路西街16号院,西119,五棵松地铁站,765.845402,906.688364,15.11147273,3.022294547,1.345345546
120,点,万寿路西街16号院,西120,五棵松地铁站,774.813392,950.847061,15.84745102,3.169490203,1.389506105
121,点,翠微路20号院,西121,公主坟地铁站,608.17082,867.623972,14.46039953,2.892079907,0.974190591
122,点,万寿路西街16号院,东122,万寿路地铁站,830.991641,1068.536172,17.8089362,3.56178724,1.626265071
123,点,复兴路61号院,北123,万寿路地铁站,299.392622,599.80039,9.996673167,1.999334633,1.204432289
124,点,翠微路2号院,东124,万寿路,546.016021,757.638883,12.62731472,2.525462943,1.254340456
125,点,二街坊,南125,玉泉路地铁站,691.567172,1510.423367,25.17372278,5.034744557,2.662081379
126,点,永定路56号院,南126,五棵松地铁站,631.468121,939.016018,15.65026697,3.130053393,1.885911807
127,点,永定路56号院,南127,五棵松地铁站,751.559018,1076.255414,17.93759023,3.587518047,1.728629714
128,点,万寿园小区,东128,万寿路地铁站,792.996478,1030.733231,17.17888718,3.435777437,1.911960214
129,点,万寿园小区,南129,五棵松地铁站,834.93929,1047.628902,17.4604817,3.49209634,1.592116412
130,点,科技部社区,西130,公主坟地铁站,240.283717,296.033147,4.933885783,0.986777157,0.387763122
131,点,万寿路西街-9号院,南131,万寿路地铁站,473.348586,834.664232,13.91107053,2.782214107,2.143921227
132,点,万寿路西街11号院,西132,万寿路地铁站,566.95957,802.602242,13.37670403,2.675340807,1.838764612
133,点,万寿路小区,西133,万寿路地铁站,291.322355,352.997124,5.8832854,1.17665708,0.323864761
134,点,万寿路西街-9号院,南134,万寿路地铁站,355.88435,660.765716,11.01276193,2.202552387,1.448302184
135,点,万寿路西街小区,东135,万寿路地铁站,286.637648,407.004164,6.783402733,1.356680547,0.594146725
136,点,万寿路西街小区,南136,万寿路地铁站,346.753828,639.483367,10.65805612,2.131611223,1.363169702
137,点,万寿路西街小区,南137,万寿路地铁站,313.025896,485.42339,8.090389833,1.618077967,0.907834922
138,点,翠微路2号院,东138,公主坟地铁站,658.852825,945.843706,15.76406177,3.152812353,1.031395686
139,点,永定路52号院,南139,五棵松地铁站,545.585895,858.328447,14.30547412,2.861094823,1.784773485
140,点,科技部社区,东140,公主坟地铁站,304.772747,823.748548,13.72914247,2.745828493,1.492887738
141,点,科技部社区,南141,公主坟地铁站,247.915492,299.50302,4.991717,0.9983434,0.444361556
142,点,翠微路十六号宿舍区,南142,公主坟地铁站,555.147983,864.986396,14.41643993,2.883287987,1.353364133
143,点,彩电宿舍小区,南143,军事博物馆地铁站,312.790956,619.51596,10.325266,2.0650532,1.239071942
144,点,万寿园小区,东144,万寿路地铁站,822.043707,1053.364623,17.55607705,3.51121541,2.002489308
145,点,彩电宿舍小区,西145,军事博物馆地铁站,406.518281,587.116655,9.785277583,1.957055517,1.174271591
146,点,科技部社区,东146,公主坟地铁站,286.843611,704.536175,11.74226958,2.348453917,1.254454789
147,点,万寿路小区,西147,万寿路地铁站,341.502301,404.769585,6.74615975,1.34923195,0.427413392
148,点,中国水科院南小区,北148,玉渊潭东门地铁站,404.8403,584.448346,9.740805767,1.948161153,1.010196898
149,点,翠微小区,东149,公主坟地铁站,683.826125,1012.678238,16.87797063,3.375594127,1.073480598
150,点,彩电宿舍小区,北150,军事博物馆地铁站,368.613192,617.65526,10.29425433,2.058850867,1.235350313
151,点,万寿路小区,西151,万寿路地铁站,369.270995,433.225932,7.2204322,1.44408644,0.484328157
152,点,晾果厂小区,南152,军事博物馆地铁站,407.315006,818.217067,13.63695112,2.727390223,1.636485635
153,点,彩电宿舍小区,北153,军事博物馆地铁站,415.563976,719.151436,11.98585727,2.397171453,1.43834995
154,点,翠微路十六号宿舍区,西154,公主坟地铁站,656.740691,1013.014152,16.8835692,3.37671384,1.071120622
155,点,万寿园小区,西155,五棵松地铁站,829.190067,1187.966185,19.79943642,3.959887283,1.52935404
156,点,晾果厂小区,西156,军事博物馆地铁站,382.870328,983.612373,16.39353955,3.27870791,1.997687023
157,点,万寿路小区,西157,万寿路地铁站,407.20503,471.942849,7.86571415,1.57314283,0.561764716
158,点,科技部社区,北158,公主坟地铁站,364.761688,679.969189,11.33281982,2.266563963,1.20531928
159,点,翠微小区,东159,公主坟地铁站,709.158675,1068.218898,17.8036483,3.56072966,1.110508895
160,点,万寿园小区,西160,五棵松地铁站,852.828583,1232.353604,20.53922673,4.107845347,1.573743262
161,点,翠微路十六号宿舍区,北161,公主坟地铁站,680.463381,1089.307987,18.15513312,3.631026623,1.136792632
162,点,永定路52号院,西162,五棵松地铁站,853.899442,1202.558854,20.04264757,4.008529513,1.752864471
163,点,翠微路2号院,北163,万寿路地铁站,559.709913,799.058849,13.31764748,2.663529497,1.239844601
164,点,缘溪家园,东164,公主坟地铁站,453.183815,921.260028,15.3543338,3.07086676,1.4733216
165,点,翠微南里社区,南165,万寿路地铁站,568.737282,796.804,13.28006667,2.656013333,1.211509885
166,点,普惠南里,西166,公主坟地铁站,530.098053,925.90054,15.43167567,3.086335133,1.357136429
167,点,翠微小区,东167,公主坟地铁站,727.500311,1105.244331,18.42073885,3.68414777,1.135193648
168,点,普惠南里,南168,公主坟地铁站,431.526487,642.128167,10.70213612,2.140427223,1.145863875
169,点,西四环中路41号院,西169,五棵松地铁站,518.437405,573.382749,9.55637915,1.91127583,0.406087272
170,点,缘溪家园,西170,公主坟地铁站,465.635119,562.224407,9.370406783,1.874081357,0.969821968
171,点,翠微南里社区,西171,万寿路地铁站,525.289881,591.541021,9.859017017,1.971803403,0.534108659
172,点,普惠南里,东172,公主坟地铁站,444.720934,546.127442,9.102124033,1.820424807,0.953855795
173,点,翠微小区,东173,公主坟地铁站,774.002408,1182.497586,19.7082931,3.94165862,1.186697466
174,点,普惠南里,北174,公主坟地铁站,461.083998,603.271609,10.05452682,2.010905363,1.068147985
175,点,普惠南里,北175,公主坟地铁站,476.144206,642.860606,10.71434343,2.142868687,1.147328527
176,点,翠微小区,东176,公主坟地铁站,783.360616,1203.146621,20.05244368,4.010488737,1.200463995
177,点,万寿园小区,北177,五棵松地铁站,953.773053,1296.825857,21.61376428,4.322752857,1.589642103
178,点,万寿路8号院,北178,万寿路地铁站,596.543531,909.863925,15.16439875,3.03287975,0.837787955
179,点,万寿路8号院,北179,万寿路地铁站,659.444961,1102.804588,18.38007647,3.676015293,1.310295897
180,点,三街坊,西180,玉泉路地铁站,576.38954,607.41346,10.12355767,2.024711533,0.409911901
181,点,二街坊,东181,五棵松地铁站,967.611427,1365.631501,22.76052502,4.552105003,1.925783075
182,点,三街坊,东182,玉泉路地铁站,783.229677,1116.279791,18.60466318,3.720932637,1.114736853
183,点,二街坊,西183,玉泉路地铁站,807.933795,1144.429945,19.07383242,3.814766483,1.198049353
184,点,普惠南里,北184,公主坟地铁站,527.053357,768.07684,12.80128067,2.560256133,1.397769689
185,点,翠微南里社区,北185,万寿路地铁站,597.920395,760.726972,12.67878287,2.535756573,0.660026733
186,点,普惠南里,北186,公主坟地铁站,580.494154,882.304026,14.7050671,2.94101342,1.626231738
187,点,翠微南里社区,北187,万寿路地铁站,659.493794,909.052019,15.15086698,3.030173397,0.965778342
188,点,万寿路甲4号院,南188,万寿路地铁站,927.81245,1485.91978,24.76532967,4.953065933,1.781096189
189,点,永定路52号院,北189,五棵松地铁站,789.722856,1124.77454,18.74624233,3.749248467,2.920251131
190,点,万寿路六号院,南190,万寿路地铁站,842.363068,1361.135339,22.68558898,4.537117797,1.826976063
191,点,万寿路甲15号一区,南191,万寿路地铁站,614.265822,845.744705,14.09574508,2.819149017,0.830068366
192,点,万寿路15号院-2区,南192,万寿路地铁站,728.252574,1173.714447,19.56190745,3.91238149,1.452120812
193,点,翠微路甲24号院,南193,公主坟地铁站,673.903788,1001.500663,16.69167772,3.338335543,1.552894471
194,点,翠微路10号院,南194,公主坟地铁站,728.242065,1074.988055,17.91646758,3.583293517,1.405914607
195,点,普惠北里,南195,公主坟地铁站,647.844314,925.45246,15.42420767,3.084841533,1.70499595
196,点,普惠北里,东196,公主坟地铁站,565.680827,748.607955,12.47679925,2.49535985,1.464088359
197,点,晾果厂小区,北197,玉渊潭东门地铁站,612.472662,1138.689076,18.97815127,3.795630253,2.812948204
198,点,翠微路10号院,北198,公主坟地铁站,845.365613,1276.654813,21.27758022,4.255516043,1.284848818
199,点,平台村,北199,公主坟地铁站,792.117481,1390.428688,23.17381147,4.634762293,1.360700726
200,点,万寿路15号院-2区,北200,万寿路地铁站,820.139152,1402.094703,23.36824505,4.67364901,1.908897578
201,点,普惠北里,东201,公主坟地铁站,636.712662,823.791516,13.7298586,2.74597172,1.764833018
202,点,颐源居,西202,公主坟地铁站,856.055574,1310.218065,21.83696775,4.36739355,1.307224928
203,点,万寿路六号院,北203,万寿路地铁站,896.736405,1422.921224,23.71535373,4.743070747,1.950552161
204,点,万寿路15号院-2区,西204,万寿路地铁站,884.31209,1427.657442,23.7942907,4.75885814,1.960025066
205,点,中兴家园,东205,公主坟地铁站,647.435199,708.230526,11.8038421,2.36076842,1.068778979
206,点,万寿路15号院-6区,南206,万寿路地铁站,745.448449,791.937947,13.19896578,2.639793157,0.46401736
207,点,紫金长安,南207,五棵松地铁站,789.325688,1093.876002,18.2312667,3.64625334,1.617204161
208,点,紫金长安,东208,五棵松地铁站,946.757371,1412.584126,23.54306877,4.708613753,2.051980147
209,点,九街坊,东209,五棵松地铁站,754.004046,908.872429,15.14787382,3.029574763,1.213979193
210,点,万寿路15号院-3区,西210,万寿路地铁站,969.35368,1527.141463,25.45235772,5.090471543,2.15900041
211,点,永定路街道三街坊北社区,东211,玉泉路地铁站,999.53555,1381.789729,23.02982882,4.605965763,1.615080182
212,点,颐源居,西212,西钓鱼台地铁站,939.355472,1256.112465,20.93520775,4.18704155,1.485536811
213,点,万寿路15号,东213,万寿路地铁站,857.781738,903.665519,15.06109198,3.012218397,0.519883134
214,点,翠微西里,南214,西钓鱼台地铁站,838.269879,1076.648993,17.94414988,3.588829977,1.573883594
215,点,万寿路15号院-3区,西215,万寿路地铁站,1003.011933,1566.255123,26.10425205,5.22085041,2.237230627
216,点,紫金长安,西216,五棵松地铁站,868.606384,1117.354021,18.62256702,3.724513403,1.711119889
217,点,翠微西里,南217,西钓鱼台地铁站,841.62668,1150.954359,19.18257265,3.83651453,1.696319037
218,点,翠微西里,南218,西钓鱼台地铁站,831.265824,1026.280799,17.10467998,3.420935997,1.340156598
219,点,万寿路3号院,西219,五棵松地铁站,1153.362546,1568.329352,26.13882253,5.227764507,1.672130612
220,点,朱各庄12号院,南220,万寿路地铁站,1055.877107,1608.909097,26.81515162,5.363030323,2.322541441
221,点,万寿路15号院-3区,西221,万寿路地铁站,1070.494699,1643.408617,27.39014362,5.478028723,2.391543084
222,点,翠微西里,东222,西钓鱼台地铁站,794.326868,1072.678041,17.87796735,3.57559347,1.268354316
223,点,翠微西里,南223,西钓鱼台地铁站,749.48031,986.30841,16.4384735,3.2876947,1.397109362
224,点,万寿路3号院,西224,五棵松地铁站,1198.181405,1624.855669,27.08092782,5.416185563,1.709816235
225,点,朱各庄12号院,东225,万寿路地铁站,1110.883692,1672.004118,27.8667353,5.57334706,2.427889054
226,点,紫金长安,北226,五棵松地铁站,1014.611836,1248.783554,20.81305923,4.162611847,2.236857965
227,点,翠微西里,北227,西钓鱼台地铁站,710.362913,950.014361,15.83357268,3.166714537,1.186575801
228,点,朱各庄12号院,东228,西钓鱼台地铁站,1093.359955,1561.734013,26.02890022,5.205780043,2.411476552
229,点,万寿路15号院-3区,西229,西钓鱼台地铁站,1066.378239,1561.677458,26.02795763,5.205591527,2.411363219
230,点,万寿路朱各庄小区,东230,西钓鱼台地铁站,1083.122473,1547.609355,25.79348925,5.15869785,2.383226168
231,点,建西苑,南231,八角游乐园地铁站,1099.919124,1407.121412,23.45202353,4.690404707,0.764467355
232,点,颐源居,北232,西钓鱼台地铁站,906.881077,1394.312845,23.23854742,4.647709483,1.484091159
233,点,翠微西里,西233,西钓鱼台地铁站,690.357936,765.779641,12.76299402,2.552598803,1.074843585
234,点,翠微西里,北234,西钓鱼台地铁站,665.98102,894.553246,14.90922077,2.981844153,1.149600504
235,点,永定路街道三街坊北社区,东235,玉泉路地铁站,1182.306153,1589.125902,26.4854317,5.29708634,1.959072742
236,点,万寿路15号北院,北236,西钓鱼台地铁站,748.47876,789.401283,13.15668805,2.63133761,1.049758836
237,点,万寿路15号北院,北237,西钓鱼台地铁站,781.701957,789.401283,13.15668805,2.63133761,1.049758836
238,点,恒盛·欧洲公馆,北238,玉泉路地铁站,1114.519812,1443.690239,24.06150398,4.812300797,1.275932907
239,点,恒盛·欧洲公馆,北239,玉泉路地铁站,1181.946911,1679.07639,27.9846065,5.5969213,1.721564451
240,点,恒盛·欧洲公馆,北240,玉泉路地铁站,1098.565646,1344.909032,22.41515053,4.483030107,1.060518061
241,点,万寿路甲15号院,东241,西钓鱼台地铁站,697.766326,762.126499,12.70210832,2.540421663,1.036120972
242,点,恒盛·欧洲公馆,北242,玉泉路地铁站,1160.075093,1548.659413,25.81099022,5.162198043,1.485879474
243,点,紫金长安,北243,五棵松地铁站,1221.311136,1743.278285,29.05463808,5.810927617,2.318769145
244,点,九街坊,北244,五棵松地铁站,1065.336322,1225.378207,20.42297012,4.084594023,1.756105105
245,点,万寿路4号院,东245,西钓鱼台地铁站,1047.960286,1487.040096,24.7840016,4.95680032,2.262083046
246,点,万寿路朱各庄小区,东246,西钓鱼台地铁站,1047.960286,1487.040096,24.7840016,4.95680032,2.262083046
247,点,翠微西里,西247,西钓鱼台地铁站,628.604872,688.594043,11.47656738,2.295313477,1.141891914
248,点,玉海园,南248,玉泉路地铁站,1120.652168,1226.907204,20.4484534,4.08969068,0.829240708
249,点,金沟河路3号院,南249,五棵松地铁站,1156.585804,1554.237757,25.90396262,5.180792523,2.32059646
250,点,金沟河路5号院,南250,五棵松地铁站,1194.066527,1613.447823,26.89079705,5.37815941,2.492403409
251,点,金沟河路5号院,南251,五棵松地铁站,1229.155942,1703.214479,28.38690798,5.677381597,2.671943947
252,点,玉海园,南252,玉泉路地铁站,1168.321299,1479.361461,24.65602435,4.93120487,1.334169992
253,点,金沟河路15号院,西253,玉泉路地铁站,1390.671423,1924.587348,32.0764558,6.41529116,2.273783595
254,点,金沟河路17号院,南254,玉泉路地铁站,1362.406831,1870.589277,31.17648795,6.23529759,2.311194221
255,点,翠微西里,北255,西钓鱼台地铁站,582.364246,756.183012,12.6030502,2.52061004,1.07067096
256,点,金沟河路5号院,南256,五棵松地铁站,1294.034955,1827.970261,30.46617102,6.093234203,2.547826521
257,点,万寿路4号院,东257,西钓鱼台地铁站,1028.106536,1456.012709,24.26687848,4.853375697,2.200026333
258,点,五棵松北8号院,南258,五棵松地铁站,1102.568718,1209.904871,20.16508118,4.033016237,1.835710309
259,点,五棵松北8号院,南259,五棵松地铁站,1108.074695,1255.791451,20.92985752,4.185971503,2.019263474
260,点,五棵松北8号院,南260,五棵松地铁站,1113.495072,1290.600606,21.5100101,4.30200202,2.158505415
261,点,翠微西里,西261,西钓鱼台地铁站,597.775011,657.127949,10.95213248,2.190426497,1.078957544
262,点,金沟河路1号院,南262,五棵松地铁站,1137.717354,1424.63714,23.74395233,4.748790467,2.02465142
263,点,金和嘉园,南263,五棵松地铁站,1152.903255,1420.134474,23.6689079,4.73378158,2.676660566
264,点,五棵松北8号院,东264,五棵松地铁站,1127.949861,1301.641578,21.6940263,4.33880526,2.202670973
265,点,金和嘉园,东265,五棵松地铁站,1127.949861,1301.641578,21.6940263,4.33880526,2.202670973
266,点,五棵松北8号院,西266,五棵松地铁站,1130.367968,1197.621023,19.96035038,3.992070077,1.677118229
267,点,建西苑,西267,八角游乐园地铁站,1262.35549,1699.297565,28.32162608,5.664325217,1.136386303
268,点,金沟河东路5号院,西268,五棵松地铁站,1229.386304,1613.074176,26.8845696,5.37691392,3.0199488
269,点,万寿路一号院,西269,西钓鱼台地铁站,1316.325213,1807.209836,30.12016393,6.024032787,2.255227781
270,点,金沟河路15号院,北270,五棵松地铁站,1422.563505,1935.161015,32.25268358,6.450536717,2.323213768
271,点,万寿路15号院-7区,东271,西钓鱼台地铁站,722.949771,947.885262,15.7980877,3.15961754,1.646134205
272,点,万寿路15号院-4区,东272,西钓鱼台地铁站,722.949771,947.885262,15.7980877,3.15961754,1.646134205
273,点,泽丰苑,南273,田村地铁站,1335.695039,1563.170861,26.05284768,5.210569537,1.6899481
274,点,朱各庄-26号院,东274,五棵松地铁站,1353.093726,1869.266988,31.1544498,6.23088996,1.869797302
275,点,永定路25号院,东275,五棵松地铁站,1474.374265,1999.123143,33.31871905,6.66374381,2.365856675
276,点,玉泉嘉园,南276,田村地铁站,1262.135667,1723.153846,28.71923077,5.743846153,1.992888071
277,点,万寿路15号院-4区,北277,西钓鱼台地铁站,699.734675,954.787321,15.91312202,3.182624403,1.659938734
278,点,万寿路15号院-4区,北278,西钓鱼台地铁站,720.180205,986.021918,16.43369863,3.286739727,1.722410442
279,点,玉泉嘉园,南279,八宝山地铁站,1338.158265,2619.870468,43.6645078,8.73290156,3.189333773
280,点,永金里住宅小区,东280,五棵松地铁站,1253.971779,1354.124872,22.56874787,4.513749573,1.88362183
281,点,建西苑,西281,八角游乐园地铁站,1390.055403,1777.262368,29.62103947,5.924207893,1.454608787
282,点,玉泉嘉园,东282,田村地铁站,1130.921119,1441.4165,24.02360833,4.804721667,1.067241327
283,点,万寿路一号院,北283,西钓鱼台地铁站,1083.492398,1446.865068,24.1144178,4.82288356,2.216171505
284,点,金沟河路5号院,西284,田村地铁站,1465.473474,1856.939824,30.94899707,6.189799413,1.013422866
285,点,泽丰苑,西285,田村地铁站,1207.389626,1471.773928,24.52956547,4.905913093,1.507146928
286,点,金和嘉园,北286,五棵松地铁站,1340.401584,1691.787746,28.19646243,5.639292487,2.321245454
287,点,玉海园,东287,田村地铁站,1167.061842,1442.77789,24.04629817,4.809259633,1.449152508
288,点,永定路21号院,东288,田村地铁站,1407.567098,1810.223697,30.17039495,6.03407899,0.982277844
289,点,东钓鱼台家园,东289,白堆子地铁站,424.890488,764.038358,12.73397263,2.546794527,1.315867508
290,点,东钓鱼台家园,北290,白堆子地铁站,578.148656,843.529647,14.05882745,2.81176549,1.135852641
291,点,中塔园小区,南291,西钓鱼台地铁站,637.068391,1822.40329,30.37338817,6.074677633,3.453844461
292,点,泽丰苑,北292,田村地铁站,1190.806788,1474.762048,24.57936747,4.915873493,1.733937994
293,点,玉泉嘉园,西293,田村地铁站,1299.174749,1905.957885,31.76596475,6.35319295,1.66236571
294,点,泽丰苑-北区,南294,田村地铁站,1182.477866,1491.444609,24.85741015,4.97148203,1.800670993
295,点,阜成路南二街甲-2号院,北295,白堆子地铁站,519.416764,754.943998,12.58239997,2.516479993,1.038037286
296,点,北京肿瘤医院住宅区,南296,田村地铁站,1187.366921,1500.6299,25.01049833,5.002099667,1.837413626
297,点,中塔园小区,南297,西钓鱼台地铁站,659.732779,1616.01256,26.93354267,5.386708533,3.034426989
298,点,东钓鱼台9号院,北298,白堆子地铁站,621.675739,874.989114,14.5831519,2.91663038,1.118069819
299,点,阜成路南二街甲-2号院,北299,白堆子地铁站,469.303878,697.052419,11.61754032,2.323508063,0.999441672
300,点,玉泉嘉园,北300,田村地铁站,1032.955865,1360.004655,22.66674425,4.53334885,0.782821172
301,点,永定路19号院,东301,田村地铁站,1260.411606,1636.795581,27.27992635,5.45598527,1.444144225
302,点,阜成路八号院 航天小区,南302,白堆子地铁站,608.23619,869.97385,14.49956417,2.899912833,1.114726186
303,点,永定路24号院,西303,田村地铁站,1373.5145,1736.044896,28.9340816,5.78681632,0.974387589
304,点,中塔园小区,南304,西钓鱼台地铁站,688.472925,1552.80024,25.880004,5.1760008,2.781568851
305,点,田村山庄,西305,田村地铁站,931.029099,1229.443556,20.49072593,4.098145187,0.701060323
306,点,北京肿瘤医院住宅区,东306,田村地铁站,1190.00475,1551.816104,25.86360173,5.172720347,1.784075492
307,点,永定路17号院,东307,田村地铁站,1330.140296,1684.177454,28.06962423,5.613924847,0.898243684
308,点,中塔园小区,南308,西钓鱼台地铁站,705.323528,1507.568757,25.12614595,5.02522919,2.600636993
309,点,中直小区,东309,田村地铁站,1186.109766,1557.046514,25.95077523,5.190155047,1.763153035
310,点,八宝庄小区,西310,西钓鱼台地铁站,789.233931,1146.445194,19.1074199,3.82148398,2.248384183
311,点,玉海园,东311,田村地铁站,1035.043239,1280.882662,21.34804437,4.269608873,1.12534908
312,点,钓鱼台山庄,北312,白堆子地铁站,1003.216714,1609.143157,26.81905262,5.363810523,2.929706369
313,点,塞纳维拉永定华庭,北313,田村地铁站,1344.446486,1664.372204,27.73953673,5.547907347,0.885039483
314,点,永定路24号院,北314,田村地铁站,1344.446486,1664.372204,27.73953673,5.547907347,0.885039483
315,点,八宝庄小区,东315,西钓鱼台地铁站,286.132109,596.582695,9.943044917,1.988608983,0.977470225
316,点,永金里住宅小区,北316,海淀五路居地铁站,1180.298408,1269.216941,21.15361568,4.230723137,0.925834408
317,点,钓鱼台山庄,北317,白堆子地铁站,1131.357788,1474.24629,24.5707715,4.9141543,2.390101099
318,点,中塔园小区,东318,西钓鱼台地铁站,749.735732,1436.306921,23.93844868,4.787689737,2.315579844
319,点,定慧西里,东319,西钓鱼台地铁站,1249.47305,1536.822258,25.6137043,5.12274086,2.274059593
320,点,玉泉嘉园,北320,田村地铁站,1051.91577,1515.248775,25.25414625,5.05082925,0.886321803
321,点,玉海园,西321,田村地铁站,791.055623,801.428196,13.3571366,2.67142732,0.466753999
322,点,阜成路28号院,北322,西钓鱼台地铁站,586.523679,708.011344,11.80018907,2.360037813,0.982662507
323,点,中塔园小区,北323,西钓鱼台地铁站,586.523679,708.011344,11.80018907,2.360037813,0.982662507
324,点,阜成路28号院,北324,西钓鱼台地铁站,582.520234,708.011344,11.80018907,2.360037813,0.982662507
325,点,玉泉北里一区,东325,田村地铁站,762.626227,842.028687,14.03381145,2.80676229,0.43897561
326,点,阜成路八号院 航天小区,西326,西钓鱼台地铁站,1094.623886,1323.456113,22.05760188,4.411520377,1.696727699
327,点,阜成路26号院,南327,西钓鱼台地铁站,652.619244,708.011344,11.80018907,2.360037813,0.982662507
328,点,定慧东里,东328,西钓鱼台地铁站,839.432063,1128.617972,18.81029953,3.762059907,2.121981447
329,点,塞纳维拉永定华庭,西329,田村地铁站,1294.034943,1746.699276,29.1116546,5.82233092,0.975112249
330,点,西三环中路3号院,南330,西钓鱼台地铁站,915.950644,1234.371462,20.5728577,4.11457154,1.507810588
331,点,定慧西里,西331,海淀五路居地铁站,1175.472671,1927.563902,32.12606503,6.425213007,2.43097569
332,点,金隅长安山麓,南332,廖公庄地铁站,1384.254791,2436.411109,40.60685182,8.121370363,1.765930341
333,点,金隅山墅,东333,田村地铁站,1134.568635,1712.579604,28.5429934,5.70859868,1.01936714
334,点,阜成路28号院,西334,西钓鱼台地铁站,447.731085,671.632397,11.19387328,2.238774657,0.958409082
335,点,阜成路八号院 航天小区,东335,白堆子地铁站,354.917042,447.444116,7.457401933,1.491480387,0.772262611
336,点,八宝庄小区,北336,西钓鱼台地铁站,458.519476,696.422815,11.60704692,2.321409383,1.499483005
337,点,定慧东里,西337,西钓鱼台地铁站,1126.461413,1351.129065,22.51881775,4.50376355,2.318504481
338,点,玉泉北里一区,东338,田村地铁站,638.54396,731.370262,12.18950437,2.437900873,0.793260401
339,点,长安山麓东区,西339,田村地铁站,1281.002942,1776.927152,29.61545253,5.923090507,1.259731736
340,点,定慧西里,东340,西钓鱼台地铁站,1128.501125,1324.493437,22.07489062,4.414978123,2.351024156
341,点,玉阜嘉园,西341,田村地铁站,570.73541,579.056482,9.650941367,1.930188273,0.474680253
342,点,阜成路八号院 航天小区,北342,白堆子地铁站,727.493024,758.379765,12.63966275,2.52793255,1.473073269
343,点,金隅山墅,西343,田村地铁站,1265.47236,1743.169099,29.05281832,5.810563663,1.192212411
344,点,阜成路八号院 航天小区,北344,白堆子地铁站,636.271433,636.476486,10.60794143,2.121588287,1.272993937
345,点,金隅长安山麓,东345,田村地铁站,1286.85821,1746.43654,29.10727567,5.821455133,1.204839285
346,点,玉阜嘉园,北346,田村地铁站,653.127697,688.176517,11.46960862,2.293921723,0.344598887
347,点,阜成路26号院,东347,西钓鱼台地铁站,650.747241,678.911016,11.3151836,2.26303672,0.935136315
348,点,阜成路28号院,北348,西钓鱼台地铁站,489.6983,532.20582,8.870097,1.7740194,0.865455012
349,点,阜成路28号院,北349,西钓鱼台地铁站,552.261078,580.771195,9.679519917,1.935903983,0.897833022
350,点,定慧西里,东350,海淀五路居地铁站,959.790576,1574.235989,26.23726648,5.247453297,1.017611157
351,点,阜成路66号院,东351,海淀五路居地铁站,959.790576,1574.235989,26.23726648,5.247453297,1.017611157
352,点,定慧西里,北352,海淀五路居地铁站,1074.539203,1530.154174,25.50256957,5.100513913,1.429882034
353,点,阜成路66号院,北353,海淀五路居地铁站,893.232449,1141.758778,19.02931297,3.805862593,0.717881154
354,点,北洼路90号院,南354,西钓鱼台地铁站,344.943574,346.304113,5.771735217,1.154347043,0.685549478
355,点,阜石路十五号院,南355,田村地铁站,888.648893,1221.79531,20.36325517,4.072651033,0.672644607
356,点,名仕花园,西356,西钓鱼台,362.216099,396.824679,6.61374465,1.32274893,0.689812768
357,点,定慧北里,东357,海淀五路居地铁站,946.556328,1238.509601,20.64182668,4.128365337,1.368513648
358,点,北京印象,南358,海淀五路居地铁站,763.564576,881.22582,14.687097,2.9374194,0.623480432
359,点,玉泉北里一区,北359,田村地铁站,399.695034,495.993104,8.266551733,1.653310347,0.777864221
360,点,阜成路95号院,南360,西钓鱼台,573.034736,610.274287,10.17123812,2.034247623,1.233559331
361,点,阜成路97号院,南361,西钓鱼台,708.322152,742.915726,12.38192877,2.476385753,1.341860248
362,点,永景园,东362,田村地铁站,1055.219156,1407.013604,23.45022673,4.690045347,0.956008106
363,点,永定路1号院,东363,田村地铁站,1055.219156,1407.013604,23.45022673,4.690045347,0.956008106
364,点,名仕花园,东364,西钓鱼台,264.568157,359.921011,5.998683517,1.199736703,0.485328147
365,点,定慧北里,东365,海淀五路居地铁站,912.911026,1204.707006,20.0784501,4.01569002,1.503729296
366,点,定慧北里,南366,海淀五路居地铁站,828.032401,1044.548944,17.40914907,3.481829813,1.165118682
367,点,北京印象,东367,海淀五路居地铁站,757.074592,1072.350954,17.8725159,3.57450318,1.016391503
368,点,马神庙1号院 核二院社区,南368,西钓鱼台地铁站,745.921507,1283.661643,21.39436072,4.278872143,2.112862538
369,点,永景园,东369,田村地铁站,1025.694726,1343.755781,22.39592968,4.479185937,1.082528841
370,点,马神庙小区,南370,花园桥地铁站,685.916199,906.337578,15.1056263,3.02112526,1.278760879
371,点,西山国际城,南371,廖公庄地铁站,678.180295,825.796428,13.7632738,2.75265476,0.531998347
372,点,西山国际城,南372,廖公庄地铁站,681.198139,892.075179,14.86791965,2.97358393,0.598280017
373,点,马神庙1号院 核二院社区,南373,西钓鱼台地铁站,457.287695,414.443716,6.907395267,1.381479053,0.821833448
374,点,西山国际城,南374,廖公庄地铁站,691.612574,963.607315,16.06012192,3.212024383,0.669815302
375,点,阜石路甲19号院南区,西375,田村地铁站,543.139978,1222.067981,20.36779968,4.073559937,0.722673773
376,点,马神庙1号院 核二院社区,东376,花园桥地铁站,680.138578,798.113491,13.30189152,2.660378303,1.324849085
377,点,阜石路11号院,西377,田村地铁站,1040.417683,1283.77446,21.396241,4.2792482,1.202495975
378,点,北京印象,东378,海淀五路居地铁站,659.966989,1159.95852,19.332642,3.8665284,1.158208751
379,点,马神庙1号院 核二院社区,南379,西钓鱼台地铁站,472.063024,839.881351,13.99802252,2.799604503,2.110762559
380,点,北洼路90号院,西380,西钓鱼台地铁站,319.575493,447.260956,7.454349267,1.490869853,0.887470459
381,点,马神庙小区,西381,花园桥地铁站,620.604968,712.85432,11.88090533,2.376181067,1.142820238
382,点,永景园,北382,田村地铁站,919.966273,1241.792451,20.69654085,4.13930817,1.286463469
383,点,定慧北里,北383,海淀五路居地铁站,717.637859,957.443917,15.95739862,3.191479723,2.039409272
384,点,阜石路甲19号院南区,东384,田村地铁站,629.264525,838.294146,13.9715691,2.79431382,1.023807762
385,点,恩济庄缘,西385,海淀五路居地铁站,884.745047,1137.237294,18.9539549,3.79079098,1.506345936
386,点,定慧寺恩济庄82号院,南386,海淀五路居地铁站,716.412084,972.758299,16.21263832,3.242527663,2.264916351
387,点,北京印象,北387,海淀五路居地铁站,576.194102,1216.510585,20.27517642,4.055035283,1.384425489
388,点,定慧寺恩济庄82号院,南388,海淀五路居地铁站,660.791565,896.852729,14.94754548,2.989509097,2.191018423
389,点,北洼路62号院,北389,西钓鱼台地铁站,405.43747,519.599316,8.6599886,1.73199772,1.032152012
390,点,西山国际城,西390,廖公庄地铁站,548.521818,642.471773,10.70786288,2.141572577,0.758087086
391,点,恩济庄缘,北391,慈寿寺地铁站I,791.369318,1062.889458,17.7148243,3.54296486,1.539857935
392,点,西三环北路82号院,西392,花园桥地铁站,535.691032,796.127977,13.26879962,2.653759923,1.217207494
393,点,八里庄北里,南393,慈寿寺地铁站I,650.076969,1113.090974,18.55151623,3.710303247,1.640264264
394,点,乐府江南小区,东394,田村地铁站,937.255977,1153.155409,19.21925682,3.843851363,1.115192181
395,点,恩济庄缘,北395,慈寿寺地铁站I,832.929052,1157.77852,19.29630867,3.859261733,1.705944607
396,点,雅世合金公寓,西396,田村地铁站,1001.709014,1142.531521,19.04219202,3.808438403,1.093943727
397,点,雪芳里,南397,田村地铁站,435.91242,763.749802,12.72916337,2.545832673,0.381890514
398,点,岭南路36号院,北398,西钓鱼台地铁站,423.177265,554.52358,9.242059667,1.848411933,1.10200298
399,点,阜石路甲19号院南区,北399,田村地铁站,510.115489,750.603484,12.51005807,2.502011613,0.848419516
400,点,北京印象,北400,海淀五路居地铁站,462.261356,460.831706,7.680528433,1.536105687,0.307232928
401,点,恩济里小区,南401,慈寿寺地铁站I,814.182248,1135.581124,18.92635207,3.785270413,1.68800212
402,点,王致和社区,西402,田村地铁站,521.437687,849.102997,14.15171662,2.830343323,0.424569088
403,点,定慧寺恩济庄82号院,东403,海淀五路居地铁站,694.570678,886.984527,14.78307545,2.95661509,1.538623947
404,点,西三环北路82号院,北404,花园桥地铁站,479.38077,667.84097,11.13068283,2.226136567,1.209070909
405,点,岭南路38号院,北405,西钓鱼台地铁站,458.347494,661.633339,11.02722232,2.205444463,1.397746022
406,点,西三环北路82号院,北406,花园桥地铁站,494.647567,738.013835,12.30023058,2.460046117,1.349421172
407,点,马神庙1号院 核二院社区,北407,花园桥地铁站,555.980326,738.960847,12.31601412,2.463202823,1.191651417
408,点,岭南路26号院,北408,花园桥地铁站,624.013533,904.035331,15.06725552,3.013451103,1.824230424
409,点,定慧福里南区,西409,海淀五路居地铁站,428.578947,449.88529,7.498088167,1.499617633,0.394236391
410,点,岭南路30号院,北410,西钓鱼台地铁站,564.425578,826.991215,13.78318692,2.756637383,2.059200074
411,点,西钓鱼台庄园,西411,慈寿寺地铁站H南,529.439299,1237.012913,20.61688188,4.123376377,2.461248721
412,点,橡胶院小区,东412,田村地铁站,564.545913,688.461747,11.47436245,2.29487249,0.724131092
413,点,亮丽园,北413,海淀五路居地铁站,599.417653,773.724922,12.89541537,2.579083073,1.526132405
414,点,定慧福里南区,东414,海淀五路居地铁站,476.902154,633.160454,10.55267423,2.110534847,1.401209654
415,点,永定路甲4号院,西415,海淀五路居地铁站,647.568504,883.424855,14.72374758,2.944749517,0.955121449
416,点,恩济庄57号院,南416,海淀五路居地铁站,632.0396,832.745118,13.8790853,2.77581706,1.628434715
417,点,圣华里,西417,廖公庄地铁站,1020.20938,1127.254031,18.78756718,3.757513437,1.026576401
418,点,增光路43号院,西418,花园桥地铁站,635.924746,957.880872,15.9646812,3.19293624,1.833720996
419,点,王致和社区,西419,田村地铁站,518.75358,660.010625,11.00017708,2.200035417,0.690428429
420,点,兰德华庭,西420,田村地铁站,318.711578,583.038804,9.7173134,1.94346268,0.536478302
421,点,圣华里,东421,田村地铁站,772.218799,1117.098217,18.61830362,3.723660723,0.922414776
422,点,永安东里小区东院,南422,海淀五路居地铁站,515.669834,685.575852,11.4262642,2.28525284,1.348256517
423,点,永达逸家,北423,田村地铁站,179.079618,227.107435,3.785123917,0.757024783,0.427219061
424,点,永达逸家,北424,田村地铁站,97.880112,207.332725,3.455545417,0.691109083,0.114630854
425,点,田村路甲56号院,北425,田村地铁站,97.880112,207.332725,3.455545417,0.691109083,0.114630854
426,点,永定路甲4号院,北426,海淀五路居地铁站,516.602454,759.896455,12.66494092,2.532988183,0.708055253
427,点,西山国际城,北427,廖公庄地铁站,396.823186,523.65883,8.727647167,1.745529433,0.520450795
428,点,永安东里西院,南428,海淀五路居地铁站,432.987866,556.962616,9.282710267,1.856542053,1.091020423
429,点,雅世合金公寓,北429,海淀五路居地铁站,892.029962,1197.716125,19.96193542,3.992387083,1.093633064
430,点,雪芳里,西430,田村地铁站,511.721304,653.427063,10.89045105,2.17809021,0.677260561
431,点,大苑海淀名著1期,西431,田村地铁站,743.385627,969.811475,16.16352458,3.232704917,0.750047499
432,点,雪芳里,东432,田村地铁站,351.216004,546.362606,9.106043433,1.821208687,0.463122702
433,点,圣华里,西433,廖公庄地铁站,989.887499,1070.448748,17.84081247,3.568162493,0.912961204
434,点,乐府江南小区,北434,田村地铁站,736.891021,761.41652,12.69027533,2.538055067,0.870046299
435,点,八里庄北里,西435,慈寿寺地铁站I,560.855711,768.45082,12.80751367,2.561502733,0.950959157
436,点,田村路甲56号院,西436,田村,38.960121,33.384124,0.556402067,0.111280413,0.022840772
437,点,田村路48号院,北437,田村地铁站,334.349822,425.133712,7.085561867,1.417112373,0.823287767
438,点,正源定慧福里-北区,东438,海淀五路居地铁站,308.456728,532.056632,8.867610533,1.773522107,0.573821262
439,点,兰德华庭,北439,田村地铁站,234.494337,287.328424,4.788807067,0.957761413,0.546487202
440,点,田村路48号院,北440,田村地铁站,231.928532,321.793617,5.36322695,1.07264539,0.616599167
441,点,田村路甲56号院,北441,田村地铁站,75.793092,156.92593,2.615432167,0.523086433,0.286850465
442,点,瑞新里小区,南442,海淀五路居地铁站,381.015513,562.202897,9.370048283,1.874009657,1.101501318
443,点,大苑海淀名著1期,北443,田村地铁站,635.026272,770.88482,12.84808033,2.569616067,0.850608161
444,点,田村39号院,南444,田村地铁站,706.898632,708.802361,11.81337268,2.362674537,0.800063333
445,点,圣华里,北445,田村地铁站,995.442151,1132.894035,18.88156725,3.77631345,1.037203628
446,点,瑞新里小区,南446,海淀五路居地铁站,335.49173,362.40215,6.040035833,1.208007167,1.109762236
447,点,永安东里西院,南447,海淀五路居地铁站,335.49173,362.40215,6.040035833,1.208007167,1.109762236
448,点,碧桐园,南448,廖公庄地铁站,329.304036,723.445621,12.05742702,2.411485403,0.848314517
449,点,天合家园,南449,田村地铁站,178.094031,177.988551,2.96647585,0.59329517,0.35599144
450,点,中国房子小区,南450,田村地铁站,181.245652,190.206566,3.170109433,0.634021887,0.257812755
451,点,景宜里小区,南451,田村地铁站,85.277185,85.574415,1.42624025,0.28524805,0.171155955
452,点,田村小区,南452,田村地铁站,23.01769,21.912755,0.365212583,0.073042517,0.043827228
453,点,宏远家园,南453,田村地铁站,446.012065,447.010028,7.450167133,1.490033427,0.500317997
454,点,八里庄路61号院,西454,海淀五路居地铁站,261.103511,586.337915,9.772298583,1.954459717,1.136140305
455,点,正源定慧福里-北区,北455,海淀五路居地铁站,241.750176,582.377984,9.706299733,1.941259947,1.151980813
456,点,华瞰墨园,西456,田村地铁站,566.434567,588.170244,9.8028374,1.96056748,0.516799832
457,点,大苑海淀府,西457,廖公庄地铁站,1012.273346,1072.608663,17.87681105,3.57536221,0.952557474
458,点,碧桐园,东458,廖公庄地铁站,215.645337,622.299878,10.37166463,2.074332927,0.646014206
459,点,畅茜园馥霞里,南459,廖公庄地铁站,990.5065,1059.890108,17.66483513,3.532967027,0.927119062
460,点,畅茜园馥霞里,西460,廖公庄地铁站,911.237744,1035.8213,17.26368833,3.452737667,0.878979543
461,点,田村路23号院,西461,海淀五路居地铁站,927.040441,1397.305722,23.2884287,4.65768574,1.400033333
462,点,八里庄路61号院,东462,海淀五路居地铁站,206.315327,246.442824,4.1073804,0.82147608,0.869230641
463,点,恩济里小区,东463,慈寿寺地铁站I,541.659784,1094.552816,18.24254693,3.648509387,1.65426879
464,点,八里庄北里,西464,慈寿寺地铁站I,436.31955,591.400363,9.856672717,1.971334543,0.596845365
465,点,半壁店甲-59号院,东465,田村地铁站,665.277359,682.689048,11.3781508,2.27563016,0.61132222
466,点,八里庄路61号院,北466,海淀五路居地铁站,158.78174,201.768464,3.362807733,0.672561547,0.690526428
467,点,半壁店甲-59号院,西467,田村地铁站,580.296507,715.547385,11.92578975,2.38515795,0.644181891
468,点,恩济里小区,西468,海淀五路居地铁站,659.672433,770.87876,12.84797933,2.569595867,0.621612117
469,点,田村路19号院,北469,海淀五路居地铁站,610.923831,1229.726531,20.49544218,4.099088437,0.839377939
470,点,锦绣大地公寓,北470,廖公庄地铁站,351.261621,475.661342,7.927689033,1.585537807,0.698613347
471,点,花园村社区,西471,花园桥地铁站,371.101927,472.669526,7.877825433,1.575565087,0.689839768
472,点,碧桐园,西472,廖公庄地铁站,247.159054,352.861662,5.8810277,1.17620554,0.453002803
473,点,田村小区,西473,田村地铁站,169.152298,189.008079,3.15013465,0.63002693,0.240070933
474,点,又一村,南474,慈寿寺地铁站,423.783359,667.665366,11.1277561,2.22555122,0.659248741
475,点,八里庄路61号院,北475,海淀五路居地铁站,117.738531,159.439582,2.657326367,0.531465273,0.521204788
476,点,天合家园,东476,田村地铁站,397.839999,564.218809,9.403646817,1.880729363,1.201151322
477,点,宏远家园,北477,田村地铁站,555.286475,1169.378916,19.4896486,3.89792972,2.162242711
478,点,幸福时光小区,南478,田村地铁站,728.69616,765.006134,12.75010223,2.550020447,0.69364273
479,点,幸福时光小区,西479,田村地铁站,625.100045,766.508603,12.77514338,2.555028677,0.695145048
480,点,碧桐园,北480,廖公庄地铁站,115.728412,0,0,0,0
481,点,田村小区,东481,田村地铁站,189.482825,227.94042,3.799007,0.7598014,0.317938821
482,点,宏远家园,北482,田村地铁站,429.493968,560.895211,9.348253517,1.869650703,0.728097719
483,点,花园村社区,东483,白石桥南地铁站,357.556497,430.495401,7.17492335,1.43498467,0.559515738
484,点,又一村,东484,慈寿寺地铁站,474.129595,611.770616,10.19617693,2.039235387,0.547455525
485,点,花园村社区,西485,花园桥地铁站,290.558952,347.407207,5.790120117,1.158024023,0.439910601
486,点,恩济里小区,北486,慈寿寺地铁站,608.176161,1043.415553,17.39025922,3.478051843,1.449712169
487,点,八里庄北里,西487,慈寿寺地铁站,361.134924,395.379459,6.58965765,1.31793153,0.38036653
488,点,八里庄北里,北488,慈寿寺地铁站,221.312726,244.092139,4.068202317,0.813640463,0.318441149
489,点,八里庄北里,北489,慈寿寺地铁站,103.44746,135.91715,2.265285833,0.453057167,0.152808139
490,点,花园村社区,北490,花园桥地铁站,455.776157,501.021747,8.35036245,1.67007249,0.449756502
491,点,又一村,北491,慈寿寺地铁站,380.228211,452.759348,7.545989133,1.509197827,0.538246951
492,点,恩济庄-46号院,北492,海淀五路居地铁站,555.453555,567.023725,9.450395417,1.890079083,0.285360813
493,点,天合家园,北493,田村地铁站,325.878296,849.581338,14.15968897,2.831937793,2.342647573
494,点,西四环北路137号院,西494,海淀五路居地铁站,413.801773,622.21879,10.37031317,2.074062633,1.938307617
495,点,恩济庄-46号院,北495,海淀五路居地铁站,503.176677,514.717789,8.578629817,1.715725963,0.259207075
496,点,景宜里小区,北496,田村地铁站,287.187563,459.249301,7.654155017,1.530831003,1.334027993
497,点,幸福时光小区,北497,田村地铁站,771.536886,2844.609219,47.41015365,9.48203073,4.536825298
498,点,西四环北路137号院,南498,海淀五路居地铁站,270.387736,379.707257,6.328454283,1.265690857,0.968223984
499,点,颐安嘉园,南499,慈寿寺地铁站,338.19579,391.165913,6.519431883,1.303886377,0.43137602
500,点,七贤村小区,南500,花园桥地铁站,448.078686,448.006785,7.46677975,1.49335595,0.882894504
501,点,琨御府,南501,慈寿寺地铁站,341.245897,346.043991,5.76739985,1.15347997,0.376954897
502,点,海澜东苑,西502,田村地铁站,638.779389,1169.378916,19.4896486,3.89792972,2.162242711
503,点,香溪度1期,东503,田村地铁站,1018.10971,1487.674577,24.79457628,4.958915257,2.297318693
504,点,西四环北路137号院,东504,海淀五路居地铁站,110.638578,167.937913,2.798965217,0.559793043,0.187950454
505,点,海澜中苑,西505,田村地铁站,1006.886449,1487.674577,24.79457628,4.958915257,2.297318693
506,点,车公庄西路45号院,东506,花园桥地铁站,78.349216,126.475628,2.107927133,0.421585427,0.240430929
507,点,北洼路25号院,东507,慈寿寺地铁站,495.259939,621.511163,10.35851938,2.071703877,0.59502605
508,点,七贤村小区,北508,花园桥地铁站,452.162016,539.249022,8.9874837,1.79749674,1.36197938
509,点,七贤村小区,北509,花园桥地铁站,340.621381,426.250405,7.104173417,1.420834683,1.221846781
510,点,碧森里,东510,田村地铁站,382.663288,421.210445,7.020174083,1.404034817,0.704494622
511,点,车公庄西路45号院,北511,花园桥地铁站,91.650856,238.210256,3.970170933,0.794034187,0.406848931
512,点,颐安嘉园,北512,慈寿寺地铁站,188.811768,354.986904,5.9164484,1.18328968,0.718113485
513,点,主语城,东513,白石桥南地铁站,87.941312,129.837948,2.1639658,0.43279316,0.121728783
514,点,主语城,西514,白石桥南地铁站,138.650515,225.771038,3.762850633,0.752570127,0.683429166
515,点,琨御府,西515,慈寿寺地铁站,633.251054,0,0,0,0
516,点,颐安嘉园,北516,慈寿寺地铁站,419.052983,591.815395,9.863589917,1.972717983,1.216825498
517,点,海澜中苑,西517,田村地铁站,1022.575079,1434.16389,23.9027315,4.7805463,2.061366386
518,点,香溪度1期,北518,廖公庄地铁站,952.91915,1547.510355,25.79183925,5.15836785,1.562472708
519,点,气象西苑,南519,慈寿寺地铁站,314.835258,481.891214,8.031520233,1.606304047,1.225748409
520,点,气象西苑,南520,慈寿寺地铁站,406.325149,575.211613,9.586860217,1.917372043,1.283242834
521,点,万泽御河湾,西521,慈寿寺地铁站,172.334643,339.999417,5.66665695,1.13333139,0.567401326
522,点,主语城,西522,白石桥南地铁站,164.486004,261.960331,4.366005517,0.873201103,0.828191051
523,点,万泽御河湾,南523,慈寿寺地铁站,280.097521,442.629913,7.377165217,1.475433043,1.068697646
524,点,海澜中苑,北524,田村地铁站,736.787573,1062.720673,17.71201122,3.542402243,1.689150108
525,点,海澜东苑,北525,田村地铁站,647.706919,951.989792,15.86649653,3.173299307,1.541221588
526,点,琨御府,东526,慈寿寺地铁站,27.83519,14.94117,0.2490195,0.0498039,0.029883368
527,点,碧森里,北527,田村地铁站,514.449116,772.887828,12.8814638,2.57629276,1.275667243
528,点,美丽园,东528,海淀五路居地铁站,353.880139,1005.303836,16.75506393,3.351012787,1.271789615
529,点,颐慧佳园三期,西529,海淀五路居地铁站,600.024525,812.365367,13.53942278,2.707884557,1.068011653
530,点,颐慧佳园三期,东530,海淀五路居地铁站,662.004152,845.650571,14.09417618,2.818835237,0.828128385
531,点,五路居小区,东531,海淀五路居地铁站,369.791739,565.557216,9.4259536,1.88519072,1.781354186
532,点,主语城,西532,白石桥南地铁站,237.698386,339.126829,5.652113817,1.130422763,1.136866965
533,点,主语城,东533,白石桥南地铁站,154.209488,518.966906,8.649448433,1.729889687,0.714906518
534,点,美丽星苑,西534,海淀五路居地铁站,605.073223,848.727288,14.1454548,2.82909096,1.213464532
535,点,美丽西园,西535,海淀五路居地铁站,176.520864,279.166094,4.652768233,0.930553647,0.481622517
536,点,美丽星苑,东536,海淀五路居地铁站,670.779185,884.870063,14.74783438,2.949566877,0.867349326
537,点,中海雅园,东537,慈寿寺地铁站,582.623423,810.035576,13.50059293,2.700118587,0.972087946
538,点,颐慧佳园东区,南538,慈寿寺地铁站,362.403198,1090.736315,18.17893858,3.635787717,1.347295527
539,点,颐慧佳园西区,南539,慈寿寺地铁站,607.665739,1137.938924,18.96564873,3.793129747,1.14568521
540,点,万泽御河湾,西540,慈寿寺地铁站,227.444266,283.079168,4.717986133,0.943597227,0.328212385
541,点,万泽御河湾,北541,慈寿寺地铁站,245.5333,284.046561,4.73410935,0.94682187,0.329179708
542,点,美丽西园,西542,海淀五路居地铁站,221.585306,326.57636,5.442939333,1.088587867,0.576446569
543,点,汤泉逸墅,南543,海淀五路居地铁站,407.69499,1162.51096,19.37518267,3.875036533,3.227157061
544,点,美丽星苑,东544,海淀五路居地铁站,683.706975,941.203732,15.68672887,3.137345773,0.923684763
545,点,绿波漫板,西545,慈寿寺地铁站,339.538145,1077.137531,17.95229218,3.590458437,1.323805095
546,点,美丽星苑,西546,海淀五路居地铁站,634.481479,958.811458,15.98019097,3.196038193,1.653817462
547,点,五棵松路26号院,北547,海淀五路居地铁站,287.160504,392.268265,6.537804417,1.307560883,0.707835588
548,点,美丽星苑,东548,海淀五路居地铁站,699.840339,994.307523,16.57179205,3.31435841,0.976790565
549,点,美丽西园,南549,海淀五路居地铁站,293.946517,399.039534,6.6506589,1.33013178,0.721378453
550,点,五棵松路26号院,南550,海淀五路居地铁站,293.946517,399.039534,6.6506589,1.33013178,0.721378453
551,点,美丽西园,东551,海淀五路居地铁站,344.633034,1168.836734,19.48061223,3.896122447,2.837761289
552,点,美丽园,西552,海淀五路居地铁站,346.355464,1169.983542,19.4997257,3.89994514,2.842348576
553,点,美丽星苑,东553,海淀五路居地铁站,711.179432,1026.230626,17.10384377,3.420768753,1.008714913
554,点,颐慧佳园西区,西554,海淀五路居地铁站,744.487861,1066.856699,17.78094498,3.556188997,1.047237528
555,点,中国科学院植物研究所宿舍,南555,二里沟地铁站,307.001808,433.601555,7.226692583,1.445338517,0.570065299
556,点,颐慧佳园东区,东556,慈寿寺地铁站,427.347718,1224.154552,20.40257587,4.080515173,1.506467269
557,点,中国科学院植物研究所宿舍,东557,二里沟地铁站,276.641437,517.410697,8.623511617,1.724702323,0.593017403
558,点,美丽西园,西558,海淀五路居地铁站,359.201399,515.841875,8.597364583,1.719472917,0.923644097
559,点,美丽西园,东559,海淀五路居地铁站,421.075997,1090.397372,18.17328953,3.634657907,2.52399176
560,点,椿楸嘉园,南560,田村地铁站,780.374735,944.116748,15.73527913,3.147055827,0.591445085
561,点,绿波漫板,北561,慈寿寺地铁站,327.074507,534.439565,8.907326083,1.781465217,0.587561458
562,点,颐慧佳园东区,北562,慈寿寺地铁站,539.428977,1266.941645,21.11569408,4.223138817,1.589252774
563,点,绿波漫板,北563,慈寿寺地铁站,395.391567,649.227635,10.82046058,2.164092117,0.858858078
564,点,颐慧佳园西区,北564,慈寿寺地铁站,729.75625,1371.609398,22.86015663,4.572031327,1.393778062
565,点,北洼西里小区-南区,东565,花园桥地铁站,667.957452,1009.207648,16.82012747,3.364025493,1.422187111
566,点,美丽经典,南566,海淀五路居地铁站,652.505018,1300.620451,21.67700752,4.335401503,1.468588647
567,点,玲珑花园,南567,慈寿寺地铁站,453.310293,702.028591,11.70047652,2.340095303,0.761595384
568,点,五福玲珑居,南568,慈寿寺地铁站,695.14203,1463.325152,24.38875253,4.877750507,1.46228071
569,点,玲珑花园,南569,慈寿寺地铁站,384.703761,575.588097,9.59313495,1.91862699,0.635150315
570,点,美丽西园,东570,海淀五路居地铁站,473.012423,855.903235,14.26505392,2.853010783,2.171457285
571,点,汤泉逸墅,东571,海淀五路居地铁站,518.559113,781.130308,13.01883847,2.603767693,1.701575984
572,点,中海雅园,北572,慈寿寺地铁站,655.706415,876.773858,14.61289763,2.922579527,2.382606507
573,点,北洼西里小区-南区,北573,慈寿寺地铁站,730.038801,964.007721,16.06679535,3.21335907,2.352538808
574,点,美丽西园,北574,海淀五路居地铁站,474.535545,738.047723,12.30079538,2.460159077,1.700017333
575,点,美丽经典,西575,海淀五路居地铁站,585.438586,1364.895631,22.74826052,4.549652103,1.990231764
576,点,宝莲公寓,东576,慈寿寺地铁站,479.314539,617.081765,10.28469608,2.056939217,1.343801895
577,点,北洼西里小区-北区,南577,慈寿寺地铁站,630.432815,826.680207,13.77800345,2.75560069,2.182224844
578,点,美丽园,西578,海淀五路居地铁站,520.135939,825.417383,13.75695638,2.751391277,2.049509171
579,点,北洼西里小区-北区,南579,慈寿寺地铁站,677.288032,883.924816,14.73208027,2.946416053,2.411211221
580,点,北洼西里小区-北区,南580,慈寿寺地铁站,757.696161,978.34347,16.3057245,3.2611449,2.295193715
581,点,椿楸嘉园,西581,田村地铁站,931.407363,1161.663906,19.3610651,3.87221302,1.172722606
582,点,富丽小区,东582,慈寿寺地铁站,611.259157,833.228645,13.88714408,2.777428817,2.208419582
583,点,美丽园,北583,海淀五路居地铁站,598.81149,1185.391243,19.75652072,3.951304143,2.903981627
584,点,美丽经典,北584,海淀五路居地铁站,758.444732,1486.683265,24.77805442,4.955610883,1.811083556
585,点,汤泉逸墅-北区,东585,海淀五路居地铁站,601.594977,744.0594,12.40099,2.480198,1.356489102
586,点,北洼西里-51号院,东586,慈寿寺地铁站,555.069164,1005.081591,16.75135985,3.35027197,2.181114522
587,点,富丽小区,东587,慈寿寺地铁站,658.807614,903.851337,15.06418895,3.01283779,2.490920091
588,点,常青园南里-二区,西588,海淀五路居地铁站,847.033562,1732.139652,28.8689942,5.77379884,3.581604184
589,点,椿楸嘉园,北589,田村地铁站,1044.093697,1458.358979,24.30598298,4.861196597,1.416831832
590,点,双紫小区,西590,慈寿寺地铁站,641.134389,962.673561,16.04455935,3.20891187,2.011476552
591,点,玫瑰御园,南591,慈寿寺地铁站,611.447611,791.939686,13.19899477,2.639798953,1.102153312
592,点,三虎桥5号院,东592,花园桥地铁站,810.609652,1030.919953,17.18199922,3.436399843,1.699289007
593,点,双紫小区,北593,慈寿寺地铁站,784.675521,1071.340591,17.85567652,3.571135303,2.917679823
594,点,车道沟南里小区,南594,慈寿寺地铁站,691.659742,823.001384,13.71668973,2.743337947,1.452768472
595,点,北洼西里小区-北区,北595,慈寿寺地铁站,798.478176,1093.31696,18.22194933,3.644389867,2.829771369
596,点,世纪新景园,北596,慈寿寺地铁站,838.711075,1151.241986,19.18736643,3.837473287,2.778387216
597,点,车道沟南里小区,南597,慈寿寺地铁站,722.627841,880.380786,14.6730131,2.93460262,1.682293844
598,点,世纪新景园,北598,慈寿寺地铁站,941.377199,1309.037439,21.81729065,4.36345813,3.150780159
599,点,车道沟南里小区,南599,慈寿寺地铁站,748.805346,924.161315,15.40268858,3.080537717,1.857422092
600,点,玫瑰御园,东600,慈寿寺地铁站,707.66327,737.924228,12.29873713,2.459747427,1.22066546
601,点,车道沟南里小区,南601,慈寿寺地铁站,786.57676,983.167623,16.38612705,3.27722541,2.093455732
602,点,玫瑰御园,西602,车道沟地铁站,753.240459,1465.601542,24.42669237,4.885338473,2.335923641
603,点,双槐树387号东院,北603,田村地铁站,1215.358283,2065.716024,34.4286004,6.88572008,3.143089569
604,点,西苑小区,西604,慈寿寺地铁站,829.989018,1003.62804,16.727134,3.3454268,2.175300247
605,点,玫瑰御园,北605,车道沟地铁站,706.249128,1490.232607,24.83721012,4.967442023,2.360555394
606,点,常青园南里-二区,北606,四季青,746.337007,1020.822079,17.01370132,3.402740263,1.557575757
607,点,五福玲珑居,西607,车道沟地铁站,958.94526,0,0,0,0
608,点,西苑小区,东608,慈寿寺地铁站,914.233204,1178.539694,19.64232823,3.928465647,2.87497125
609,点,车道沟南里小区,西609,车道沟地铁站,711.13028,840.347347,14.00578912,2.801157823,1.495515378
610,点,诸子阶,东610,四季青,661.824678,911.268148,15.18780247,3.037560493,1.113262867
611,点,诸子阶,南611,四季青,703.774754,983.286025,16.38810042,3.277620083,0.97599824
612,点,金雅园,南612,四季青,553.681078,741.755734,12.36259557,2.472519113,1.409090909
613,点,金雅园,东613,四季青,594.066225,856.021823,14.26703038,2.853406077,1.75168515
614,点,西苑小区,北614,车道沟地铁站,879.762606,1176.186126,19.6031021,3.92062042,3.086895797
615,点,彰化路十七号院,北615,四季青,693.109469,992.817242,16.54695403,3.309390807,2.361850048
616,点,巨山馨苑,南616,廖公庄地铁站,869.54563,993.556927,16.55928212,3.311856423,0.526846398
617,点,曙光花园,南617,车道沟地铁站,526.711695,635.080298,10.58467163,2.116934327,0.898752346
618,点,金雅园,西618,四季青,354.203552,503.233749,8.38722915,1.67744583,1.087012463
619,点,嘉德乐公馆,东619,四季青,1254.48827,1717.548172,28.62580287,5.725160573,1.181300187
620,点,金庄一号院,东620,四季青,722.177867,2002.914103,33.38190172,6.676380343,3.25534978
621,点,诸子阶,西621,四季青,604.197292,929.32187,15.48869783,3.097739567,0.980108199
622,点,嘉德乐公馆,北622,四季青,1366.99928,1757.648611,29.29414352,5.858828703,1.221402119
623,点,巨山馨苑,东623,廖公庄地铁站,1037.713738,1160.168953,19.33614922,3.867229843,0.610155898
624,点,嘉德乐公馆,北624,四季青,1324.11478,1715.125225,28.58542042,5.717084083,1.178877211
625,点,金雅园,东625,四季青,371.979493,597.946718,9.965778633,1.993155727,1.55826975
626,点,曙光花园,西626,车道沟地铁站,557.480276,823.354933,13.72258222,2.744516443,1.629079042
627,点,农科院住宅区,南627,车道沟地铁站,775.111955,1020.952105,17.01586842,3.403173683,2.252267144
628,点,长河湾,东628,西直门地铁站,337.590685,409.837344,6.8306224,1.36612448,0.423449099
629,点,四季青园小区,北629,田村地铁站,1709.484807,1990.635801,33.17726335,6.63545267,1.808028253
630,点,四季青园小区,北630,廖公庄地铁站,1645.30899,2559.260599,42.65434332,8.530868663,2.645558211
631,点,紫竹院小区,北631,万寿寺,650.149312,1021.089349,17.01815582,3.403631163,1.187861788
632,点,杏石口路22号院,南632,田村地铁站,1603.307504,3050.801668,50.84669447,10.16933889,2.872513941
633,点,金庄一号院,西633,四季青,515.396076,721.716474,12.0286079,2.40572158,1.40768959
634,点,人计山庄,北634,万寿寺,463.681782,542.466627,9.04111045,1.80822209,0.914582854
635,点,长河湾,北635,西直门地铁站,488.924298,536.140789,8.935679817,1.787135963,0.559637404
636,点,长河湾,北636,西直门地铁站,554.687665,602.274047,10.03790078,2.007580157,0.531127022
637,点,长河湾,西637,动物园地铁站,719.175878,1494.105589,24.90175982,4.980351963,1.174926251
638,点,远流清园,东638,四季青,266.295452,451.955977,7.532599617,1.506519923,0.97428459
639,点,燕西台嘉苑,东639,廖公庄地铁站,1203.00748,1373.113876,22.88523127,4.577046253,0.899074676
640,点,长河湾,北640,西直门地铁站,647.35033,696.953778,11.6158963,2.32317926,0.625809409
641,点,曙光花园,北641,车道沟地铁站,227.19702,299.228417,4.987140283,0.997428057,0.823452765
642,点,紫瑞家园,西642,国家图书馆,757.65963,941.463536,15.69105893,3.138211787,1.80827725
643,点,曙光花园颐天园,东643,四季青,439.553489,579.842937,9.66404895,1.93280979,0.840174265
644,点,望福园,西644,四季青,466.077438,582.847237,9.714120617,1.942824123,0.852191811
645,点,长河湾,北645,西直门地铁站,753.280757,803.758353,13.39597255,2.67919451,0.73261734
646,点,农科院住宅区,东646,车道沟地铁站,478.474806,635.813727,10.59689545,2.11937909,1.287873121
647,点,车道沟社区,北647,车道沟地铁站,452.620866,508.725799,8.478763317,1.695752663,0.983502498
648,点,长河湾,北648,西直门地铁站,846.911647,899.196395,14.98660658,2.997321317,0.826194071
649,点,农科院住宅区,北649,车道沟地铁站,696.288744,806.259941,13.43766568,2.687533137,1.222432442
650,点,气象局宿舍,北650,车道沟地铁站,349.492389,401.669853,6.69449755,1.33889951,0.803367966
651,点,诸子阶,北651,四季青,417.893971,554.835787,9.247263117,1.849452623,0.422022113
652,点,紫瑞家园,东652,动物园地铁站,877.195574,1167.306661,19.45511102,3.891022203,1.500443329
653,点,诸子阶,北653,四季青,498.231809,635.340107,10.58900178,2.117800357,0.520391796
654,点,燕西台嘉苑,北654,廖公庄地铁站,1382.575889,1756.377475,29.27295792,5.854591583,2.349200841
655,点,紫竹院路81号院,南655,车道沟地铁站,269.601938,387.228043,6.453800717,1.290760143,0.774483255
656,点,海云轩小区,南656,西直门地铁站,788.360659,1028.567285,17.14278808,3.428557617,1.345369213
657,点,海云轩小区,南657,西直门地铁站,778.108477,988.68002,16.47800033,3.295600067,1.136861631
658,点,郦城三区,西658,四季青,550.514327,747.131635,12.45219392,2.490438783,0.73303467
659,点,郦城三区,南659,四季青,344.738514,661.512083,11.02520138,2.205040277,0.975531911
660,点,地铁建安物业太平湖小区,北660,积水潭地铁站,818.804087,1283.32833,21.3888055,4.2777611,1.139148608
661,点,文慧园小区（西区）,东661,积水潭地铁站,867.118396,1349.014104,22.4835684,4.49671368,1.3933284
662,点,万寿寺甲3号院,南662,万寿寺,253.280462,0,0,0,0
663,点,万寿寺甲3号院,南663,万寿寺,311.382394,0,0,0,0
664,点,紫竹院路81号院,北664,车道沟地铁站,205.349678,368.825465,6.147091083,1.229418217,0.587336127
665,点,红联南村,西665,西直门地铁站,971.273415,1337.102081,22.28503468,4.457006937,2.390201764
666,点,正福寺家属院（农科院）,东666,四季青,764.298219,1076.594654,17.94324423,3.588648847,0.943734896
667,点,海云轩小区,东667,西直门地铁站,960.208729,1310.687587,21.84479312,4.368958623,1.533454665
668,点,西山美庐,南668,西黄村地铁站,1841.566945,2286.564338,38.10940563,7.621881127,1.398934344
669,点,万寿寺甲3号院,东669,万寿寺地铁站,399.917683,758.553978,12.6425663,2.52851326,2.35096249
670,点,红联南村,南670,积水潭地铁站,941.343466,1460.76218,24.34603633,4.869207267,1.616830498
671,点,红联南村,北671,积水潭地铁站,973.405645,1517.757264,25.2959544,5.05919088,2.240438595
672,点,民大附中家属区,南672,万寿寺,651.79609,1127.6564,18.79427333,3.758854667,3.616217837
673,点,半壁街南路1号院,西673,车道沟地铁站,552.098245,973.774691,16.22957818,3.245915637,2.895058382
674,点,郦城三区,北674,四季青,541.381331,791.079241,13.18465402,2.636930803,1.976307237
675,点,郦城三区,北675,四季青,569.491056,853.670333,14.22783888,2.845567777,2.124757086
676,点,远大园六区,东676,车道沟地铁站,464.477517,598.971884,9.982864733,1.996572947,1.611403552
677,点,中间建筑,南677,廖公庄地铁站,1883.778288,2267.078328,37.7846388,7.55692776,1.339334607
678,点,远大园六区,西678,车道沟地铁站,724.203839,808.71147,13.4785245,2.6957049,1.807309593
679,点,远大园五区,南679,远大路,705.981577,998.425486,16.64042477,3.328084953,1.644162558
680,点,郦城三区,北680,四季青,682.616794,1034.119005,17.23531675,3.44706335,1.402934637
681,点,半壁街南路1号院,北681,车道沟地铁站,612.130041,1049.992652,17.49987753,3.499975507,2.738759279
682,点,远大园六区,东682,车道沟地铁站,488.140428,637.878412,10.63130687,2.126261373,1.767035329
683,点,万寿寺甲3号院,北683,万寿寺地铁站,365.843674,493.726491,8.22877485,1.64575497,1.291617417
684,点,车道沟10号院北区,北684,车道沟地铁站,505.733523,866.611211,14.44352018,2.888704037,2.005207948
685,点,檀香山,南685,四季青,2135.638906,2630.966392,43.84943987,8.769887973,3.08529648
686,点,远大园六区,北686,远大路,644.581116,813.377969,13.55629948,2.711259897,1.844333556
687,点,香山四季,西687,四季青,1982.964536,2551.766118,42.5294353,8.50588706,3.34601254
688,点,远大园四区,南688,远大路,612.944164,789.271518,13.1545253,2.63090506,1.823081769
689,点,香山四季,西689,四季青,2000.879489,2609.797621,43.49662702,8.699325403,3.578148218
690,点,中间建筑,西690,廖公庄地铁站,2124.72692,2326.327842,38.7721307,7.75442614,1.313780862
691,点,中间建筑,东691,廖公庄地铁站,2206.252408,2700.585414,45.0097569,9.00195138,1.87960887
692,点,远大园四区,东692,长春桥地铁站,594.965707,808.551231,13.47585385,2.69517077,2.018929477
693,点,中建二局生活区,西693,廖公庄地铁站,2280.048105,3331.794727,55.52991212,11.10598242,1.846587534
694,点,中建二局生活区,东694,廖公庄地铁站,2210.968482,3091.510611,51.52517685,10.30503537,1.614881851
695,点,远大园一区,南695,远大路,460.087361,651.703899,10.86173165,2.17234633,0.914824518
696,点,中建二局生活区,北696,廖公庄地铁站,2266.835825,3217.78103,53.62968383,10.72593677,1.78265684
697,点,西山美庐,东697,西黄村地铁站,2306.156246,2816.705061,46.94508435,9.38901687,1.459198741
698,点,远大园五区,北698,远大路,340.592568,485.2224,8.08704,1.617408,1.378024553
699,点,远大园五区,北699,远大路,311.94912,563.13341,9.385556833,1.877111367,1.689680103
700,点,远大园四区,北700,远大路,408.564338,562.379543,9.372992383,1.874598477,1.671814948
701,点,远大园四区,北701,远大路,526.926905,704.620963,11.74368272,2.348736543,1.668088652
702,点,远大园四区,北702,远大路,526.926905,704.620963,11.74368272,2.348736543,1.668088652
703,点,明光村小区,东703,西直门地铁站,1399.176989,0,0,0,0
704,点,中间建筑,北704,廖公庄地铁站,2313.169209,2664.482564,44.40804273,8.881608547,1.398407016
705,点,永泰郦城果岭,北705,四季青,1011.289074,1302.033654,21.7005609,4.34011218,2.399724003
706,点,远大路22号西院,南706,远大路,262.217875,562.869438,9.3811573,1.87623146,1.672561274
707,点,远大园三区,南707,远大路,485.041695,672.807985,11.21346642,2.242693283,1.795345046
708,点,远大路22号东院,南708,远大路,330.751315,470.519138,7.841985633,1.568397127,1.378441549
709,点,远大园三区,西709,远大路,371.217011,532.077548,8.867959133,1.773591827,1.62468442
710,点,鲁艺上河村,南710,长春桥地铁站,376.473168,818.034584,13.63390973,2.726781947,2.265759342
711,点,德顺园,北711,四季青,1870.418404,2548.693021,42.47821702,8.495643403,4.111629883
712,点,溪山嘉园东府里,南712,廖公庄地铁站,2595.06338,3384.950767,56.41584612,11.28316922,2.190940424
713,点,明光村小区,南713,蓟门桥,1381.705668,0,0,0,0
714,点,溪山嘉园东府里,西714,廖公庄地铁站,2547.66564,3246.253145,54.10421908,10.82084382,1.895381046
715,点,西山新村,南715,廖公庄地铁站,2409.972106,2743.388213,45.72313688,9.144627377,1.434664987
716,点,溪山嘉园东府里,东716,廖公庄地铁站,2761.302128,3676.203701,61.27006168,12.25401234,2.927201394
717,点,远大园一区,东717,远大路,230.036154,315.417982,5.256966367,1.051393273,0.628596714
718,点,溪山嘉园东府里,东718,廖公庄地铁站,2586.092358,3280.304649,54.67174415,10.93434883,2.031593017
719,点,远大园二区,西719,远大路,201.698707,289.880055,4.83133425,0.96626685,0.596626034
720,点,远大路22号西院,东720,远大路,184.326361,811.37576,13.52292933,2.704585867,1.838238284
721,点,远大路22号东院,西721,远大路,199.446846,269.034919,4.483915317,0.896783063,0.572475275
722,点,溪山嘉园东府里,西722,廖公庄地铁站,2632.704118,3330.145661,55.50242768,11.10048554,2.23096569
723,点,明光村小区,东723,蓟门桥,1261.272079,1282.201273,21.37002122,4.274004243,1.546156872
724,点,常青园,北724,远大路,1047.575895,1636.779524,27.27965873,5.455931747,2.160444729
725,点,常青园,北725,远大路,880.00426,1469.125202,24.48542003,4.897084007,1.825123415
726,点,明光村小区,北726,蓟门桥,1228.132945,1469.158373,24.48597288,4.897194577,2.115415846
727,点,远大路22号西院,北727,远大路,29.751425,798.525354,13.3087559,2.66175118,1.829671036
728,点,溪山嘉园东府里,东728,廖公庄地铁站,2693.796793,3400.722612,56.6787102,11.33574204,2.513285534
729,点,远大路22号东院,北729,远大路,211.343425,219.990588,3.6665098,0.73330196,0.150613494
730,点,远大园三区,北730,远大路,314.654157,313.650938,5.227515633,1.045503127,0.209108242
731,点,明光村小区,西731,蓟门桥,1188.028068,1401.128043,23.35213405,4.67042681,1.612915537
732,点,鲁艺上河村,北732,长春桥地铁站,258.471539,273.94348,4.565724667,0.913144933,0.30900991
733,点,晨月园,西733,远大路,149.617092,209.860664,3.497677733,0.699535547,0.164302024
734,点,西山新村-东区,南734,廖公庄地铁站,2742.884104,3463.217922,57.7202987,11.54405974,2.351186821
735,点,晨月园,南735,远大路,55.357867,272.475203,4.541253383,0.908250677,0.253910128
736,点,西山新村,东736,廖公庄地铁站,2663.148599,3131.721875,52.19536458,10.43907292,2.025074749
737,点,西山新村-东区,西737,廖公庄地铁站,2709.172279,3206.156693,53.43594488,10.68718898,2.11794382
738,点,明光村小区,北738,蓟门桥,1098.496884,1275.464475,21.25774125,4.25154825,1.34061826
739,点,美树园,东739,茶棚,2727.067604,3488.708058,58.1451343,11.62902686,3.870516294
740,点,晨月园,东740,远大路,191.311004,299.249202,4.9874867,0.99749734,0.440390929
741,点,晨月园,西741,远大路,254.725851,382.629877,6.377164617,1.275432923,0.526361736
742,点,美树园,西742,茶棚,2677.853774,3752.395565,62.53992608,12.50798522,4.046315536
743,点,美树园,东743,茶棚,2619.490159,3371.123,56.18538333,11.23707667,3.837163961
744,点,颐和金茂府,西744,茶棚,2564.595058,2989.430496,49.8238416,9.96476832,3.502130978
745,点,双新园,西745,西黄村地铁站,2808.791912,3409.375874,56.82293123,11.36458625,1.679553871
746,点,西山新村-东区,北746,茶棚,2628.536621,3584.252094,59.7375349,11.94750698,4.324668086
747,点,西山新村,北747,万安地铁站,2690.067871,3589.917317,59.83195528,11.96639106,2.781057856
748,点,闵庄南路8号院,西748,茶棚,2503.684667,2789.747211,46.49578685,9.29915737,3.749182508
749,点,时雨园,东749,远大路,296.461315,496.725856,8.278764267,1.655752853,0.967372993
750,点,垂虹园,南750,远大路,387.852592,552.169217,9.202820283,1.840564057,0.931509018
751,点,时雨园,西751,远大路,383.31384,522.842333,8.714038883,1.742807777,0.820548794
752,点,和泓四季,南752,远大路,1071.417172,1333.463427,22.22439045,4.44487809,1.704437289
753,点,和泓四季,南753,远大路,1300.469487,1572.367017,26.20611695,5.24122339,2.182262844
754,点,金夕园,南754,远大路,564.345519,1108.958029,18.48263382,3.696526763,1.77734456
755,点,金夕园,南755,远大路,472.147271,1255.354986,20.9225831,4.18451662,1.923746762
756,点,时雨园,东756,远大路,394.116505,536.245085,8.937418083,1.787483617,0.914400189
757,点,北京大学万柳学区,南757,长春桥,361.296443,771.665628,12.8610938,2.57221876,1.118949477
758,点,SXTZ-2603-002地块二类居住用地,南758,西黄村地铁站,3012.87822,3719.74093,61.99568217,12.39913643,2.022902771
759,点,垂虹园,西759,远大路,430.860817,562.171886,9.369531433,1.873906287,0.966909331
760,点,垂虹园,东760,长春桥地铁站,558.734553,686.636512,11.44394187,2.288788373,1.3400196
761,点,双新园,西761,西黄村地铁站,3011.941855,3671.542352,61.19237253,12.23847451,1.774379923
762,点,锋尚国际公寓,南762,长春桥,593.16104,724.335914,12.07226523,2.414453047,0.933381666
763,点,新起点嘉园,西763,苏州桥,425.786817,596.219313,9.93698855,1.98739771,0.511885881
764,点,金夕园,北764,远大路,627.658976,882.22383,14.7037305,2.9407461,1.539338606
765,点,金夕园,北765,远大路,584.003251,812.733125,13.54555208,2.709110417,1.400351996
766,点,锋尚国际公寓,南766,苏州桥,598.233235,788.12304,13.135384,2.6270768,1.216566834
767,点,万柳怡水园,南767,苏州桥,598.233235,788.12304,13.135384,2.6270768,1.216566834
768,点,金夕园,北768,远大路,545.736077,743.254452,12.3875742,2.47751484,1.261389386
769,点,时雨园,北769,远大路,469.257268,802.562697,13.37604495,2.67520899,1.405855608
770,点,万柳怡水园,南770,苏州桥,536.863908,726.611506,12.11019177,2.422038353,0.970512295
771,点,临枫嘉园北里,东771,茶棚,2307.009816,2593.013769,43.21689615,8.64337923,4.145705543
772,点,垂虹园,北772,远大路,530.644291,755.156279,12.58593798,2.517187597,1.352892471
773,点,烟树园,南773,远大路,609.975258,826.079258,13.76798763,2.753597527,1.427045396
774,点,新起点嘉园,东774,苏州桥,251.523858,295.74025,4.929004167,0.985800833,0.356944097
775,点,锋尚国际公寓,西775,长春桥,527.472831,723.400317,12.05667195,2.41133439,0.74934984
776,点,新起点嘉园,西776,苏州桥,414.655115,652.555002,10.8759167,2.17518334,0.624561088
777,点,春荫园,南777,远大路,517.992509,808.690408,13.47817347,2.695634693,1.428627047
778,点,翠叠园,南778,火器营,529.187108,798.409386,13.3068231,2.66136462,0.982709173
779,点,雅园公寓,西779,魏公村地铁站,440.038149,571.175432,9.519590533,1.903918107,0.621473785
780,点,双新村棚户区改造项目,东780,万安地铁站,2981.857281,4255.230427,70.92050712,14.18410142,3.228946377
781,点,晴波园,南781,火器营,462.812567,719.993019,11.99988365,2.39997673,1.401856315
782,点,万柳怡水园,东782,苏州桥,466.423857,701.549155,11.69248592,2.338497183,0.722552774
783,点,干休所九号院,北783,茶棚,2235.925131,2523.619928,42.06033213,8.412066427,4.256453768
784,点,天香颐南里,西784,茶棚,2226.55836,2513.896495,41.89827492,8.379654983,4.237005963
785,点,冶建总院宿舍,南785,蓟门桥,635.737224,731.472404,12.19120673,2.438241347,0.691104756
786,点,康桥水郡,西786,长春桥地铁站,364.073044,1110.136257,18.50227095,3.70045419,1.391988413
787,点,光大花园,北787,长春桥地铁站,581.291452,891.22562,14.85376033,2.970752067,1.08501215
788,点,锋尚国际公寓,北788,长春桥地铁站,581.291452,891.22562,14.85376033,2.970752067,1.08501215
789,点,颐园公寓,北789,人民大学地铁站,476.207768,676.912465,11.28187442,2.256374883,0.658027086
790,点,新起点嘉园,北790,苏州桥,384.230537,827.285388,13.7880898,2.75761796,1.033546998
791,点,香山南路黄土坡8号院,南791,万安地铁站,3113.9185,4930.125906,82.1687651,16.43375302,3.077830221
792,点,翠叠园,东792,火器营,409.7311,574.739198,9.578986633,1.915797327,1.630385696
793,点,万柳怡水园,东793,苏州桥,473.25005,775.295715,12.92159525,2.58431905,0.870050966
794,点,冶建总院宿舍,东794,蓟门桥,555.97799,648.688334,10.81147223,2.162294447,0.750222831
795,点,烟树园,东795,远大路,685.668811,830.896212,13.8482702,2.76965404,1.4366793
796,点,晴波园,东796,火器营,348.258354,419.030939,6.983848983,1.396769797,0.55630977
797,点,光大花园,西797,长春桥地铁站,604.326154,970.440038,16.17400063,3.234800127,1.252773139
798,点,春荫园,东798,火器营,566.735006,666.735833,11.11226388,2.222452777,1.365302014
799,点,康桥水郡,北799,长春桥地铁站,474.526392,1126.931173,18.78218622,3.756437243,1.459170741
800,点,雅园公寓,北800,人民大学地铁站,305.637387,350.42189,5.840364833,1.168072967,0.440359596
801,点,怡秀园,西801,苏州桥,457.898589,827.195705,13.78659508,2.757319017,0.973854595
802,点,天香颐中里东区,西802,茶棚,2103.460782,2410.268707,40.17114512,8.034229023,4.072803272
803,点,海香园,北803,茶棚,2097.845897,2476.916753,41.28194588,8.256389177,3.590023433
804,点,烟树园,东804,远大路,766.198856,958.271287,15.97118812,3.194237623,1.657230761
805,点,京泉馨苑,南805,茶棚,2065.516043,2446.702576,40.77837627,8.155675253,3.621774115
806,点,万柳蜂鸟家园,南806,长春桥地铁站,555.686008,1231.527295,20.52545492,4.105090983,1.788064119
807,点,冶建总院宿舍,北807,蓟门桥,518.433672,667.619084,11.12698473,2.225396947,1.170048633
808,点,春荫园,北808,火器营,692.071759,805.7037,13.428395,2.685679,2.026588067
809,点,翠叠园,北809,火器营,417.390696,496.849542,8.2808257,1.65616514,0.78166185
810,点,光大花园,北810,苏州桥,681.815001,1179.540911,19.65901518,3.931803037,2.056772432
811,点,怡秀园,北811,苏州桥,481.947184,933.552499,15.55920832,3.111841663,1.186575467
812,点,新纪元家园,南812,长春桥地铁站,719.502335,1123.167523,18.71945872,3.743891743,1.714704853
813,点,怡秀园,东813,苏州桥,362.103328,682.788857,11.37981428,2.275962857,0.986306137
814,点,光大西园,西814,火器营,486.574326,1410.315676,23.50526127,4.701052253,2.879044209
815,点,万柳蜂鸟家园,东815,长春桥地铁站,672.171228,1112.727756,18.5454626,3.70909252,1.549414506
816,点,香山6号院,北816,万安,3207.473481,4885.894958,81.43158263,16.28631653,2.963216034
817,点,晴波园,北817,火器营,212.992619,306.031348,5.100522467,1.020104493,0.499671337
818,点,光大西园,东818,火器营,595.38316,1557.513511,25.95855852,5.191711703,3.139520938
819,点,阳春光华家园,南819,苏州桥,651.791616,1127.694596,18.79490993,3.758981987,1.768575647
820,点,万柳蜂鸟家园,西820,火器营,604.809224,1550.639492,25.84399153,5.168798307,3.125772409
821,点,光大西园,东821,火器营,576.469386,1534.094128,25.56823547,5.113647093,3.092680406
822,点,阳春光华家园,南822,苏州桥,596.584355,1030.677895,17.17796492,3.435592983,1.470728959
823,点,新纪元家园,西823,长春桥地铁站,730.92252,1157.367299,19.28945498,3.857890997,1.61731416
824,点,乡园公寓,西824,人民大学地铁站,443.663317,593.767943,9.896132383,1.979226477,0.942563574
825,点,苏园公寓,南825,人民大学地铁站,117.528762,254.924731,4.248745517,0.849749103,0.385664143
826,点,小南庄25号院,西826,苏州桥,574.631666,1024.349102,17.07248503,3.414497007,1.379332207
827,点,万柳蜂鸟家园,东827,火器营,744.922371,1722.797201,28.71328668,5.742657337,3.449781835
828,点,小南庄25号院,东828,苏州桥,546.033392,720.388528,12.00647547,2.401295093,1.415223181
829,点,观山园,西829,火器营,765.528243,940.164495,15.66940825,3.13388165,1.713270867
830,点,天香颐北里,西830,茶棚,1871.877471,2157.324033,35.95540055,7.19108011,4.192237744
831,点,晴雪园,西831,火器营,449.220458,656.693305,10.94488842,2.188977683,1.283825828
832,点,中国人民解放军66483部队家属院,南832,香山地铁站,3170.202916,4043.463238,67.39105397,13.47821079,5.210330896
833,点,观山园,东833,火器营,475.880522,686.5745,11.44290833,2.288581667,1.393670396
834,点,三义庙社区西区,东834,苏州桥地铁站,357.164283,517.548103,8.625801717,1.725160343,0.993300734
835,点,小南庄25号院,北835,苏州桥,611.470844,971.116739,16.18527898,3.237055797,1.485800809
836,点,新纪元家园,东836,苏州桥,799.228617,1336.683616,22.27806027,4.455612053,2.765269014
837,点,苏园公寓,南837,人民大学地铁站,183.848893,320.670832,5.344513867,1.068902773,0.528779712
838,点,万柳星标家园东区,南838,火器营,592.560133,1498.573735,24.97622892,4.995245783,3.168733979
839,点,晴雪园,东839,火器营,128.613928,131.995209,2.19992015,0.43998403,0.210957557
840,点,万柳星标家园西区,西840,火器营,325.454571,1182.799166,19.71331943,3.942663887,2.62167745
841,点,万柳星标家园东区,南841,火器营,663.086323,1585.664331,26.42773885,5.28554777,3.517108495
842,点,汇新家园,西842,火器营,749.465712,1658.083635,27.63472725,5.52694545,3.288754112
843,点,京泉馨苑,东843,茶棚,1804.247461,2178.709517,36.31182528,7.262365057,3.563229034
844,点,阳春光华家园,西844,苏州桥,811.368368,1293.451598,21.55752663,4.311505327,2.908860244
845,点,三义庙社区东区,西845,苏州桥地铁站,408.973325,573.172235,9.552870583,1.910574117,1.215804509
846,点,万柳星标家园东区,西846,火器营,519.593806,1436.524299,23.94207165,4.78841433,2.725305747
847,点,观山园,北847,火器营,624.300749,698.524823,11.64208038,2.328416077,1.39295507
848,点,万柳星标家园西区,东848,火器营,492.50067,1423.194678,23.7199113,4.74398226,2.698645347
849,点,中国人民解放军66483部队家属院,东849,万安,3028.484304,4630.568165,77.17613608,15.43522722,3.414766519
850,点,晴雪园,北850,火器营,324.091557,385.082308,6.418038467,1.283607693,0.740583927
851,点,汇新家园,西851,火器营,750.114155,1659.582671,27.65971118,5.531942237,3.171437952
852,点,三义庙社区西区,东852,苏州桥地铁站,385.614888,859.437892,14.32396487,2.864792973,2.360905391
853,点,三义庙社区东区,西853,苏州桥地铁站,446.6116,631.259678,10.52099463,2.104198927,1.448162185
854,点,汇新家园西区,东854,火器营,707.784084,1624.81389,27.0802315,5.4160463,3.101897981
855,点,万柳星标家园西区,东855,火器营,489.610023,1373.948502,22.8991417,4.57982834,2.600149665
856,点,怡丽南园,南856,火器营,406.30791,480.913282,8.015221367,1.603044273,0.873142935
857,点,万柳星标家园东区,西857,火器营,515.467385,1374.126367,22.90210612,4.580421223,2.600505328
858,点,三义庙社区西区,北858,苏州桥地铁站,422.580988,853.863977,14.23106628,2.846213257,2.338608947
859,点,汇新家园,西859,火器营,733.009112,1615.860327,26.93100545,5.38620109,3.08399016
860,点,三义庙社区东区,北860,苏州桥地铁站,474.824279,671.110652,11.18517753,2.237035507,1.607571257
861,点,万柳星标家园西区,西861,火器营,268.008079,1038.1243,17.30207167,3.460414333,2.042957237
862,点,阳春光华家园,北862,苏州桥地铁站,816.625172,1137.328648,18.95547747,3.791095493,2.209098242
863,点,万柳星标家园西区,东863,火器营,491.752133,1335.195193,22.25325322,4.450650643,2.522640107
864,点,万柳星标家园东区,东864,火器营,644.946858,1484.743061,24.74571768,4.949143537,3.012880871
865,点,汇新家园西区,北865,火器营,691.493013,1554.938013,25.91563355,5.18312671,2.962141378
866,点,阳春光华橡树园,东866,巴沟地铁站,822.84421,1110.513536,18.50855893,3.701711787,2.642545908
867,点,人民大学南路1号院,东867,苏州桥地铁站,479.5975,1209.72696,20.162116,4.0324232,2.789715103
868,点,天香颐北里,西868,茶棚,1644.434575,2018.121699,33.63536165,6.72707233,4.073125268
869,点,京泉馨苑,北869,茶棚,1654.316718,2139.259081,35.65431802,7.130863603,3.388785778
870,点,林果所家属院,东870,万安地铁站,2251.734993,3359.526823,55.99211372,11.19842274,2.266606
871,点,万柳星标家园西区,北871,火器营,440.077546,1174.467394,19.57445657,3.914891313,2.201173321
872,点,阳春光华橡树园,东872,巴沟地铁站,791.555718,1076.514003,17.94190005,3.58838001,2.506543268
873,点,万柳星标家园东区,北873,火器营,554.581713,1297.604681,21.62674468,4.325348937,2.447456525
874,点,万城华府尚园,南874,火器营,359.05929,1072.374509,17.87290848,3.574581697,1.99698003
875,点,玉树临枫锦园一区,南875,茶棚,1639.371204,2200.55976,36.675996,7.3351992,3.223036769
876,点,闵航路18号院,北876,茶棚,1662.690865,2422.491411,40.37485685,8.07497137,4.84124892
877,点,满庭芳园,西877,人民大学地铁站,585.03323,685.829382,11.4304897,2.28609794,1.113133535
878,点,满庭芳园,南878,人民大学地铁站,805.013407,914.527747,15.24212912,3.048425823,1.382097846
879,点,满庭芳园,西879,人民大学地铁站,598.75113,733.122243,12.21870405,2.44374081,1.276585567
880,点,玉树临枫锦园一区,东880,茶棚,1484.862548,1746.66695,29.11111583,5.822223167,3.370889291
881,点,万城华府尚园,北881,火器营,421.949247,1262.155121,21.03591868,4.207183737,2.955275114
882,点,万泉新新家园,南882,巴沟地铁站,633.900006,1100.502112,18.34170187,3.668340373,2.577064229
883,点,万城华府海园,南883,火器营,426.022376,1242.269942,20.70449903,4.140899807,2.875731576
884,点,闵航路21号院,南884,茶棚,1460.815333,2520.199912,42.00333187,8.400666373,4.814067526
885,点,七省办小区,西885,马甸,448.230474,571.477027,9.524617117,1.904923423,1.065595344
886,点,闵航路16号院,西886,茶棚,1509.746286,2204.203599,36.73672665,7.34734533,3.968062319
887,点,万城华府龙园,西887,巴沟地铁站,438.495359,616.505067,10.27508445,2.05501689,1.400194665
888,点,闵航路19号院,西888,茶棚,1443.246685,2543.913594,42.3985599,8.47971198,4.829877367
889,点,闵庄路甲18号院,东889,茶棚,1379.230459,1573.159571,26.21932618,5.243865237,3.445217881
890,点,天香颐北里,北890,茶棚,1327.164535,1757.432437,29.29054062,5.858108123,3.242687239
891,点,万城华府海园,东891,巴沟地铁站,411.795798,631.534633,10.52557722,2.105115443,1.127373726
892,点,万泉新新家园,西892,巴沟地铁站,415.090445,568.544082,9.4757347,1.89514694,1.245009883
893,点,万泉新新家园,东893,巴沟地铁站,607.877981,1064.676716,17.74461193,3.548922387,1.546058873
894,点,京泉馨苑东里,西894,茶棚,1312.414086,1515.844965,25.26408275,5.05281655,3.13699863
895,点,御墅临枫锦园,西895,茶棚,1417.35972,1961.342785,32.68904642,6.537809283,3.24193458
896,点,万城华府海园,东896,巴沟地铁站,377.491551,585.780371,9.763006183,1.952601237,1.035861975
897,点,万城华府龙园,西897,巴沟地铁站,356.253899,581.860017,9.69766695,1.93953339,1.028021053
898,点,颐香锦苑,东898,茶棚,1274.616192,1453.458599,24.22430998,4.844861997,3.335049649
899,点,万城华府海园,东899,巴沟地铁站,345.711761,546.128425,9.102140417,1.820428083,0.956555101
900,点,稻香园西里,南900,苏州街地铁站,475.640934,1176.756537,19.61260895,3.92252179,1.805724609
901,点,稻香园西里,南901,苏州街地铁站,444.820253,1167.411055,19.45685092,3.891370183,1.768341316
902,点,万泉新新家园,西902,巴沟地铁站,327.316416,481.572631,8.026210517,1.605242103,1.090580761
903,点,御墅临枫锦园,西903,茶棚,1365.414451,1876.087865,31.26813108,6.253626217,3.071417619
904,点,颐香锦苑,东904,茶棚,1219.390258,1427.67059,23.79450983,4.758901967,3.145793542
905,点,月季园,西905,北太平庄地铁站,430.062993,736.135692,12.2689282,2.45378564,1.870601627
906,点,御墅临枫锦园,南906,茶棚,1197.274519,1450.950326,24.18250543,4.836501087,2.779431205
907,点,香山100,东907,万安地铁站,1851.998135,2905.834883,48.43058138,9.686116277,1.92628307
908,点,万城华府玺园,南908,巴沟地铁站,327.855668,503.407598,8.390126633,1.678025327,0.985123815
909,点,稻香园西里,东909,苏州街地铁站,347.411605,688.571165,11.47618608,2.295237217,0.880347863
910,点,稻香园西里,西910,苏州街地铁站,464.194942,950.257634,15.83762723,3.167525447,0.89969767
911,点,万城华府龙园,北911,巴沟地铁站,233.849083,285.224755,4.753745917,0.950749183,0.972363276
912,点,北影小区,东912,蓟门桥,532.620722,959.047285,15.98412142,3.196824283,1.131941347
913,点,万柳书院,南913,巴沟地铁站,220.039479,374.595969,6.24326615,1.24865323,0.979122542
914,点,京泉馨苑东里,西914,茶棚,1167.753909,1366.474182,22.7745697,4.55491394,2.926370069
915,点,冠城南园,南915,马甸,500.303561,666.039145,11.10065242,2.220130483,2.13900761
916,点,香山清琴麓院,北916,万安地铁站,1487.554148,2328.435084,38.8072514,7.76145028,2.054139125
917,点,颐香锦苑,东917,茶棚,1124.837832,1303.053263,21.71755438,4.343510877,2.733403332
918,点,香山甲第,东918,茶棚,1098.134541,1219.912653,20.33187755,4.06637551,2.4033413
919,点,怡丽北园,西919,巴沟地铁站,881.355873,1297.479967,21.62466612,4.324933223,1.480612194
920,点,稻香园西里,西920,苏州街地铁站,436.703462,883.284991,14.72141652,2.944283303,0.756606101
921,点,稻香园西里,东921,苏州街地铁站,359.169451,782.045213,13.03408688,2.606817377,0.660827725
922,点,京泉馨苑东里,北922,茶棚,1146.127769,1470.355623,24.50592705,4.90118541,2.567065662
923,点,万柳书院,西923,巴沟地铁站,187.72154,371.599107,6.19331845,1.23866369,0.591393753
924,点,宏嘉丽园,西924,西土城地铁站,481.321623,696.19057,11.60317617,2.320635233,1.310044233
925,点,北影小区,西925,西土城地铁站,423.881593,640.16135,10.66935583,2.133871167,1.375250247
926,点,香山100,北926,万安,1948.410427,3102.432164,51.70720273,10.34144055,2.204147625
927,点,怡丽北园,北927,巴沟地铁站,761.944934,1195.242268,19.92070447,3.984140893,1.447498525
928,点,宏嘉丽园,北928,西土城地铁站,400.18831,579.579092,9.659651533,1.931930307,1.272428942
929,点,万泉新新家园,北929,巴沟地铁站3,344.861333,445.788657,7.42981095,1.48596219,0.763386366
930,点,黄亭子小区,南930,西土城地铁站,333.682576,797.215739,13.28692898,2.657385797,1.791041089
931,点,冠城南园,北931,健德门地铁站,388.076431,562.561545,9.37602575,1.87520515,1.926462735
932,点,月季园,西932,牡丹园地铁站,429.43493,666.724019,11.11206698,2.222413397,2.145453212
933,点,冠城北园,南933,健德门地铁站,483.483531,703.048496,11.71747493,2.343494987,2.488425116
934,点,冠城北园,东934,健德门地铁站,368.238186,564.335962,9.405599367,1.881119873,1.933560664
935,点,万柳书院,北935,巴沟地铁站,18.552097,8.126572,0.135442867,0.027088573,0.016253837
936,点,太月园小区,西936,知春路地铁站,351.133371,536.740875,8.94568125,1.78913625,0.849121175
937,点,锦秋家园,东937,西土城地铁站,293.22832,559.650144,9.3275024,1.86550048,1.138087619
938,点,太月园小区,北938,西土城地铁站,467.267544,770.772215,12.84620358,2.569240717,1.094054726
939,点,京香花园中区,南939,万安,1946.386959,3274.338705,54.57231175,10.91446235,2.876312237
940,点,冠城北园,西940,牡丹园地铁站,445.73577,742.07114,12.36785233,2.473570467,2.446849531
941,点,瀚河园,南941,万安地铁站,1073.80351,1731.665449,28.86109082,5.772218163,2.31934314
942,点,京香花园中区,东942,万安,1820.71561,3139.590527,52.32650878,10.46530176,2.63226001
943,点,保利海德公园,东943,西土城地铁站,185.172085,454.470585,7.57450975,1.51490195,1.115597511
944,点,月季园,西944,牡丹园地铁站,360.797913,542.632751,9.043879183,1.808775837,1.649075176
945,点,北影小区,西945,西土城地铁站,262.570136,443.289461,7.388157683,1.477631537,1.243998893
946,点,黄亭子小区,东946,西土城地铁站,252.595359,442.624718,7.377078633,1.475415727,1.243555564
947,点,瀚河园,东947,万安地铁站,1072.636354,1386.837146,23.11395243,4.622790487,1.187405792
948,点,冠城北园,北948,牡丹园地铁站,411.685907,558.675135,9.31125225,1.86225045,1.713246534
949,点,锦秋家园,西949,西土城地铁站,388.22125,716.883137,11.94805228,2.389610457,0.817196495
950,点,冠城北园,北950,健德门地铁站,439.778828,537.39258,8.956543,1.7913086,1.825784742
951,点,锦秋家园,东951,西土城地铁站,254.483089,615.260074,10.25433457,2.050866913,1.470878291
952,点,北区,东952,西土城地铁站,398.013234,700.187138,11.66978563,2.333957127,0.783803495
953,点,黄亭子小区,西953,西土城地铁站,179.801417,321.836616,5.3639436,1.07278872,0.905176281
954,点,保利海德公园,东954,西土城地铁站,134.228517,452.581506,7.5430251,1.50860502,1.108040919
955,点,北影小区,北955,西土城地铁站,322.820658,502.696096,8.378268267,1.675653653,1.628634047
956,点,门头馨园南区,南956,万安地铁站,1178.81654,1977.233302,32.95388837,6.590777673,1.950948157
957,点,京香花园,西957,万安,1706.843655,3220.523055,53.67538425,10.73507685,2.940201598
958,点,永泰·自在香山,西958,万安地铁站,963.383061,1586.273256,26.4378876,5.28757752,1.765886341
959,点,京香花园,东959,万安,1507.445532,3033.164222,50.55273703,10.11054741,1.9932944
960,点,门头馨村（北一区）,南960,万安,1824.419266,3383.510078,56.39183463,11.27836693,3.313017869
961,点,锦秋家园,北961,西土城地铁站,331.646757,635.701196,10.59501993,2.119003987,0.654827785
962,点,锦秋家园,东962,西土城地铁站,239.65461,618.504053,10.30840088,2.061680177,1.771749949
963,点,锦秋家园,北963,西土城地铁站,280.198515,650.113911,10.83523185,2.16704637,1.898193018
964,点,门头馨园南区,东964,万安地铁站,1096.57528,1887.300808,31.45501347,6.291002693,2.130821358
965,点,北坞嘉园南里,南965,茶棚,732.260698,975.284047,16.25473412,3.250946823,2.068772979
966,点,门头馨园南区,西966,万安地铁站,1191.391129,2075.308125,34.58846875,6.91769375,2.291281754
967,点,门头馨村（北一区）,东967,万安,1776.366953,3482.268067,58.03780112,11.60756022,3.705899607
968,点,京香花园,西968,万安,1636.506089,3350.489769,55.84149615,11.16829923,3.298056019
969,点,北坞嘉园西里,南969,茶棚,632.669183,782.194771,13.03657952,2.607315903,1.978346216
970,点,塔院迎春园,南970,西土城地铁站,209.071692,216.514156,3.608569267,0.721713853,0.282807172
971,点,塔院迎春园,南971,西土城地铁站,316.799098,324.403148,5.406719133,1.081343827,0.390699093
972,点,北土城西路小区,南972,牡丹园地铁站,309.13982,563.175059,9.386250983,1.877250197,0.650397496
973,点,北坞嘉园南里,东973,茶棚,737.299521,1180.337805,19.67229675,3.93445935,2.478896877
974,点,大运村学生公寓,南974,知春路地铁站F,53.418651,98.834874,1.6472479,0.32944958,0.12433409
975,点,塔院迎春园,西975,西土城地铁站,372.297019,412.715603,6.878593383,1.375718677,0.557015763
976,点,邮科社区,东976,西土城地铁站,344.185194,422.430237,7.04050395,1.40810079,0.595875375
977,点,塔院消夏园,南977,牡丹园地铁站,568.029363,700.981047,11.68301745,2.33660349,0.761735383
978,点,北坞嘉园西里,西978,茶棚,617.917922,846.88561,14.11476017,2.822952033,1.843246234
979,点,永泰·自在香山,北979,万安地铁站,707.077507,1011.516368,16.85860613,3.371721227,1.02800372
980,点,门头馨村（北二区）,东980,万安,1344.178191,3048.157319,50.80262198,10.1605244,1.520495795
981,点,中国科学院东南小区,东981,知春里,347.247964,463.872546,7.7312091,1.54624182,0.456969764
982,点,门头馨园北区,南982,万安地铁站,963.366642,1768.538804,29.47564673,5.895129347,2.21133722
983,点,门头馨园东区,南983,万安地铁站,825.321356,1556.935712,25.94892853,5.189785707,1.788112119
984,点,大运村学生公寓,西984,知春路地铁站,116.401099,218.228613,3.63714355,0.72742871,0.243731563
985,点,北科塔院小区,东985,牡丹园地铁站,240.369458,332.414925,5.54024875,1.10804975,0.582930837
986,点,大运村学生公寓,东986,知春路地铁站,272.225287,379.516929,6.32528215,1.26505643,0.396979697
987,点,北坞嘉园西里,东987,茶棚,466.606283,554.374597,9.239576617,1.847915323,1.316268504
988,点,消夏东里,西988,牡丹园地铁站,495.210648,608.644545,10.14407575,2.02881515,0.783125502
989,点,邮科社区,东989,西土城地铁站,381.184438,525.577814,8.759630233,1.751926047,0.757891088
990,点,中国科学院东南小区,西990,海淀黄庄地铁站,401.766121,1043.403553,17.39005922,3.478011843,1.88800812
991,点,大运村学生公寓,北991,知春路地铁站,204.823845,291.145483,4.852424717,0.970484943,0.3300427
992,点,消夏东里,西992,牡丹园地铁站,509.138245,651.88437,10.8647395,2.1729479,0.846066206
993,点,北坞嘉园北里,南993,茶棚,416.828585,589.962679,9.832711317,1.966542263,1.471850948
994,点,北科塔院小区,北994,牡丹园地铁站,326.562669,453.63037,7.560506167,1.512101233,0.926199405
995,点,门头馨村（北一区）,北995,植物园地铁站,1656.408457,2800.014735,46.66691225,9.33338245,2.966247671
996,点,门头馨村（北一区）,北996,万安,1536.714282,3438.917111,57.31528518,11.46305704,2.363449032
997,点,门头馨村（北二区）,北997,万安,1536.714282,3438.917111,57.31528518,11.46305704,2.363449032
998,点,塔院迎春园,北998,西土城地铁站,491.129889,748.721558,12.47869263,2.495738527,0.888806445
999,点,塔院消夏园,北999,牡丹园地铁站,601.109943,779.316675,12.98861125,2.59772225,1.100937657
1000,点,金尚嘉园,西1000,牡丹园地铁站,295.119557,438.963886,7.316064767,1.463212953,0.687503458
1001,点,门头馨园北区,东1001,万安,760.083574,1907.399829,31.78999715,6.35799943,2.419862801
1002,点,中国科学院东南小区,西1002,海淀黄庄地铁站,473.748112,1150.166373,19.16943955,3.83388791,2.315073182
1003,点,中国科学院东南小区,东1003,知春里,462.323332,922.518131,15.37530218,3.075060437,2.07135162
1004,点,门头馨园北区,西1004,万安,958.927906,2172.537313,36.20895522,7.241791043,2.910390896
1005,点,邮科社区,西1005,西土城地铁站,375.075311,598.345634,9.972427233,1.994485447,1.456974763
1006,点,金尚嘉园,东1006,牡丹园地铁站,188.54471,266.815574,4.446926233,0.889385247,0.258413083
1007,点,塔院晴冬园,南1007,西土城地铁站,517.239306,728.48527,12.14142117,2.428284233,1.101676316
1008,点,香山清琴山庄,西1008,植物园地铁站,1546.66349,2527.688471,42.12814118,8.425628237,3.787232461
1009,点,香山清琴山庄,东1009,万安,1202.035707,4511.671406,75.19452343,15.03890469,5.641683916
1010,点,中坞新村,北1010,颐和园西门,678.350954,1142.475271,19.04125452,3.808250903,1.264049693
1011,点,北坞嘉园西里,北1011,茶棚,372.341067,498.954242,8.315904033,1.663180807,1.152357143
1012,点,中国科学院东南小区,西1012,海淀黄庄地铁站,515.440902,1110.951891,18.51586485,3.70317297,2.379399206
1013,点,金尚嘉园,北1013,牡丹园地铁站,341.777115,492.82548,8.213758,1.6427516,0.409090242
1014,点,塔院二轻宿舍,西1014,牡丹园地铁站,616.779254,848.085569,14.13475948,2.826951897,1.238479282
1015,点,中国科学院东南小区,东1015,知春里,519.043206,719.506658,11.99177763,2.398355527,0.968254317
1016,点,花园路小区,东1016,牡丹园地铁站,411.52691,588.055619,9.800926983,1.960185397,0.768709646
1017,点,北坞嘉园北里,东1017,茶棚,461.935621,842.326444,14.03877407,2.807754813,1.802846638
1018,点,红旗村-6号院,东1018,香山地铁站,1534.538922,1931.382736,32.18971227,6.437942453,4.051802482
1019,点,中国科学院东南小区,东1019,知春里,555.04729,775.533552,12.9255592,2.58511184,1.113895528
1020,点,塔院晴冬园,东1020,西土城地铁站,642.482813,918.407178,15.3067863,3.06135726,1.380276864
1021,点,北坞嘉园北里,北1021,茶棚,212.717942,441.127683,7.35212805,1.47042561,1.000415996
1022,点,塔院晴冬园,北1022,西土城地铁站,646.665862,961.423671,16.02372785,3.20474557,1.44460922
1023,点,塔院朗秋园,西1023,西土城地铁站,690.761568,988.07547,16.4679245,3.2935849,1.380496528
1024,点,塔院朗秋园,东1024,牡丹园地铁站,710.168294,991.162729,16.51937882,3.303875763,1.438547614
1025,点,新科祥园,南1025,中关村地铁站,653.381522,923.277842,15.38796403,3.077592807,1.428126052
1026,点,邮科社区,北1026,西土城地铁站,566.639331,824.374143,13.73956905,2.74791381,1.431740016
1027,点,花园路小区,北1027,牡丹园地铁站,571.650734,821.928435,13.69880725,2.73976145,1.002747972
1028,点,香山清琴山庄,北1028,植物园地铁站,1277.101981,2457.060359,40.95100598,8.190201197,3.608366249
1029,点,花园北路35号院,南1029,牡丹园地铁站,469.504657,577.552714,9.625878567,1.925175713,0.624119092
1030,点,北极寺小区,南1030,牡丹园地铁站,482.574523,611.34001,10.18900017,2.037800033,0.749689836
1031,点,新科祥园,东1031,中关村地铁站,626.838575,1139.865294,18.9977549,3.79955098,1.86131472
1032,点,新科祥园,东1032,中关村地铁站,629.514122,1225.495027,20.42491712,4.084983423,2.087724456
1033,点,回民公寓,北1033,植物园地铁站,1114.153634,2139.351295,35.65585492,7.131170983,3.363758029
1034,点,新科祥园,北1034,中关村地铁站,635.262424,1072.125785,17.86876308,3.573752617,1.907562591
1035,点,花园东路3号院,东1035,牡丹园地铁站,792.920891,793.186529,13.21977548,2.643955097,0.650833158
1036,点,北极寺小区,西1036,牡丹园地铁站,831.951321,856.64388,14.277398,2.8554796,0.733264667
1037,点,花园东路3号院,北1037,牡丹园地铁站,833.303166,833.441724,13.8906954,2.77813908,0.731345686
1038,点,海淀路社区,南1038,中关村地铁站,272.289392,341.733672,5.6955612,1.13911224,0.611587551
1039,点,海淀路社区,南1039,中关村地铁站,336.333961,407.563381,6.792723017,1.358544603,0.743251567
1040,点,海淀路社区,北1040,中关村地铁站,303.087733,421.432316,7.023871933,1.404774387,0.775641244
1041,点,展春园小区,南1041,五道地铁站南口,788.573361,1160.462328,19.3410388,3.86820776,1.105594277
1042,点,展春园小区,西1042,五道地铁站南口,718.327857,1043.153614,17.38589357,3.477178713,1.011511885
1043,点,龙湖唐宁one,南1043,五道地铁站南口,609.325522,858.635239,14.31058732,2.862117463,0.761298387
1044,点,志新村小区,西1044,牡丹园地铁站,1109.778869,1895.791862,31.59653103,6.319306207,2.909144575
1045,点,龙湖唐宁one,东1045,五道地铁站南口,505.759128,719.52198,11.992033,2.3984066,0.723494765
1046,点,芙蓉里小区,西1046,万泉河桥地铁站,315.20577,378.449944,6.307499067,1.261499813,0.316181171
1047,点,香邑山,东1047,香山地铁站入,637.800591,1049.344378,17.48907297,3.497814593,3.365095682
1048,点,燕归园,西1048,五道地铁站南口,666.638515,1011.085641,16.85142735,3.37028547,1.127064063
1049,点,龙湖唐宁one,西1049,五道地铁站南口,546.890399,816.427125,13.60711875,2.72142375,0.609602904
1050,点,展春园小区,北1050,五道地铁站南口,682.358383,1079.999743,17.99999572,3.599999143,2.064574354
1051,点,植物所家属院,西1051,植物园地铁站,594.283932,889.440523,14.82400872,2.964801743,1.598255017
1052,点,志新村小区,东1052,牡丹园地铁站,1193.761793,1201.322257,20.02203762,4.004407523,0.696761032
1053,点,五道口嘉园,东1053,五道地铁站南口,463.878733,668.042638,11.13404397,2.226808793,0.568141652
1054,点,健翔园,东1054,牡丹园地铁站,1322.327689,1709.904461,28.49840768,5.699681537,1.459520071
1055,点,东升园公寓,东1055,五道地铁站南口,353.862951,439.313058,7.3218843,1.46437686,0.441986913
1056,点,龙湖唐宁one,北1056,五道地铁站南口,413.354784,647.628171,10.79380285,2.15876057,0.801834982
1057,点,燕归园,西1057,五道地铁站南口,600.850002,1595.918672,26.59864453,5.319728907,2.857000763
1058,点,志新村小区,东1058,北沙滩地铁站,1264.35889,1914.008187,31.90013645,6.38002729,1.02137112
1059,点,中关村北二条甲1号院,西1059,五道地铁站南口,592.523049,1595.918672,26.59864453,5.319728907,2.857000763
1060,点,中关村北二条甲1号院,东1060,五道地铁站南口,509.267827,718.957084,11.98261807,2.396523613,0.545394879
1061,点,卧虎桥甲6号院 十五所社区,南1061,北沙滩地铁站,1211.786295,1852.095523,30.86825872,6.173651743,0.988361783
1062,点,东升园公寓,北1062,五道地铁站南口,333.561346,522.080608,8.701343467,1.740268693,1.095682043
1063,点,卧虎桥甲6号院,东1063,北沙滩地铁站,1250.539511,1682.908606,28.04847677,5.609695353,1.71602284
1064,点,健翔园,西1064,北沙滩地铁站,1247.55689,1681.164351,28.01940585,5.60388117,1.709045909
1065,点,芙蓉里小区,北1065,万泉河桥地铁站,547.16908,717.099792,11.9516632,2.39033264,1.040530928
1066,点,水清木华园,西1066,五道地铁站南口,905.887797,1094.358379,18.23930632,3.647861263,1.070313963
1067,点,志新村小区,西1067,学院桥,1104.081875,1389.512144,23.15853573,4.631707147,1.798387016
1068,点,颐东苑,南1068,西园地铁站,841.028081,1312.762085,21.87936808,4.375873617,2.374804918
1069,点,芙蓉里东区,北1069,万泉河桥地铁站,562.406921,868.044757,14.46741262,2.893482523,1.310595561
1070,点,中关村北二条甲1号院,北1070,五道地铁站南口,539.729067,788.861222,13.14768703,2.629537407,0.62400876
1071,点,卧虎桥甲6号院 十五所社区,西1071,北沙滩地铁站,1152.68625,1792.597908,29.8766318,5.97532636,0.95861208
1072,点,五道口嘉园,北1072,五道地铁站南口,235.972121,355.416351,5.92360585,1.18472117,0.351563151
1073,点,五道口嘉园,北1073,五道地铁站南口,300.83338,438.382431,7.30637385,1.46127477,0.338474615
1074,点,卧虎桥甲6号院,北1074,北沙滩地铁站,1174.671918,1624.431263,27.07385438,5.414770877,1.482107512
1075,点,卧虎桥甲6号院 十五所社区,东1075,北沙滩地铁站,1154.798903,1673.371185,27.88951975,5.57790395,1.677872554
1076,点,水清木华园,北1076,五道地铁站南口,784.120264,991.712994,16.5285499,3.30570998,0.760957724
1077,点,科馨社区,南1077,五道地铁站南口,802.79045,1013.289942,16.8881657,3.37763314,0.847268194
1078,点,颐东苑,西1078,西园地铁站,849.775997,1573.628794,26.22714657,5.245429313,2.095269714
1079,点,华清嘉园,东1079,五道地铁站南口,148.593817,232.568813,3.876146883,0.775229377,0.232575674
1080,点,颐东苑,东1080,西园地铁站,710.113104,795.367475,13.25612458,2.651224917,1.340163932
1081,点,三才堂甲62号院,东1081,五道地铁站南口,544.458622,681.7635,11.362725,2.272545,0.552608141
1082,点,华清嘉园,西1082,五道地铁站南口,251.971658,412.557747,6.87596245,1.37519249,0.82201278
1083,点,三才堂甲62号院,西1083,五道地铁站南口,671.479036,758.774273,12.64623788,2.529247577,0.886548468
1084,点,科馨社区,西1084,五道地铁站南口,866.268352,951.817875,15.86363125,3.17272625,0.785224148
1085,点,志新北里小区,西1085,北沙滩地铁站,1085.987565,1537.936397,25.63227328,5.126454657,1.542076579
1086,点,科馨社区,东1086,五道地铁站南口,704.932627,750.333204,12.5055534,2.50111068,0.852783139
1087,点,志新北里小区,东1087,北沙滩地铁站,1015.922144,1693.372926,28.2228821,5.64457642,0.981766516
1088,点,华清嘉园,东1088,五道地铁站南口,64.305041,127.625902,2.127098367,0.425419673,0.127629724
1089,点,科馨社区,北1089,五道地铁站南口,782.96815,792.372088,13.20620147,2.641240293,0.597981687
1090,点,颐东苑,东1090,西园地铁站,578.786293,664.991138,11.08318563,2.216637127,1.079401873
1091,点,华清嘉园,北1091,五道地铁站南口,116.520328,125.712108,2.0952018,0.41904036,0.125715743
1092,点,蓝旗营教师住宅区,南1092,北京大学东门地铁站,665.643753,897.209692,14.95349487,2.990698973,1.652038479
1093,点,志新北里小区,东1093,北沙滩地铁站,892.593627,1538.232719,25.63721198,5.127442397,0.833478665
1094,点,蓝旗营教师住宅区,东1094,北京大学东门地铁站,864.309438,1144.240383,19.07067305,3.81413461,2.019671136
1095,点,志新北里小区,北1095,北沙滩地铁站,877.405387,1423.910335,23.73183892,4.746367783,1.240225931
1096,点,志新北里小区,北1096,北沙滩地铁站,853.672032,1506.778136,25.11296893,5.022593787,1.074485922
1097,点,二里庄,南1097,北沙滩地铁站,780.843127,1456.031799,24.26719665,4.85343933,0.958252751
1098,点,二里庄,南1098,北沙滩地铁站,767.111665,1608.788032,26.81313387,5.362626773,1.472268944
1099,点,煤厂街27号院东院,西1099,香山地铁站出,517.68305,916.821696,15.2803616,3.05607232,1.948575847
1100,点,王庄路小区,东1100,五道地铁站,245.448478,382.026683,6.367111383,1.273422277,0.568283984
1101,点,煤厂街27号院西院,东1101,香山地铁站出,535.745378,906.262446,15.1043741,3.02087482,1.901648983
1102,点,煤厂街27号院西院,北1102,香山地铁站出,641.65949,929.098709,15.48497848,3.096995697,1.742835571
1103,点,颐东苑,北1103,西园地铁站,405.924742,1164.308794,19.40514657,3.881029313,2.288248117
1104,点,西王庄小区,东1104,五道地铁站,264.100259,340.901483,5.681691383,1.136338277,0.247879521
1105,点,二里庄,北1105,北沙滩地铁站,633.156966,1310.947398,21.8491233,4.36982466,2.635785975
1106,点,西王庄小区,东1106,五道地铁站,295.865615,371.907608,6.198460133,1.239692027,0.278886544
1107,点,王庄路27号院,东1107,五道地铁站,354.329031,551.023736,9.183728933,1.836745787,0.944165558
1108,点,西王庄小区,东1108,五道地铁站,330.927556,407.135275,6.785587917,1.357117583,0.314115192
1109,点,二里庄,北1109,北沙滩地铁站,575.145596,1192.807222,19.88012037,3.976024073,2.163213034
1110,点,西王庄小区,东1110,五道地铁站,367.370249,443.715894,7.3952649,1.47905298,0.350696826
1111,点,王庄路15号院,东1111,清华东路西地铁站,407.148885,517.149199,8.619153317,1.723830663,0.970290297
1112,点,御香山,西1112,植物园地铁站,381.433614,544.624934,9.077082233,1.815416447,1.582116179
1113,点,龙湖颐和原著,西1113,西园地铁站,545.332106,936.045149,15.60075248,3.120150497,0.832020013
1114,点,龙湖颐和原著,东1114,西园地铁站,100.08443,298.467626,4.974460433,0.994892087,0.38464582
1115,点,龙湖颐和原著,南1115,西园地铁站,305.490797,671.123065,11.18538442,2.237076883,0.655398779
1116,点,王庄路18号院,南1116,清华东路西地铁站,376.739406,516.081097,8.601351617,1.720270323,1.016005173
1117,点,二里庄-邮电大学宿舍,东1117,北沙滩地铁站,436.884789,1236.751087,20.61251812,4.122503623,2.521185121
1118,点,二里庄小区,西1118,北沙滩地铁站,526.186252,673.328088,11.2221348,2.24442696,1.058390416
1119,点,二里庄小区,西1119,北沙滩地铁站,483.251942,627.009245,10.45015408,2.090030817,0.965750342
1120,点,二里庄-邮电大学宿舍,西1120,北沙滩地铁站,420.924452,1129.691934,18.8281989,3.76563978,2.092937404
1121,点,西王庄小区,东1121,清华东路西地铁站,306.439312,431.833845,7.19723075,1.43944615,0.407470259
1122,点,西王庄小区,东1122,清华东路西地铁站,258.698936,372.378068,6.206301133,1.241260227,0.34801252
1123,点,二里庄小区,北1123,北沙滩地铁站,390.840463,524.323967,8.738732783,1.747746557,0.760374396
1124,点,东王庄小区,西1124,清华东路西地铁站,165.467642,257.572449,4.29287415,0.85857483,0.527618057
1125,点,东王庄小区,东1125,清华东路西地铁站,521.661133,842.009024,14.03348373,2.806696747,1.286667133
1126,点,照澜院,东1126,清华东路西地铁站,1016.814292,1156.613823,19.27689705,3.85537941,1.106083272
1127,点,御园,东1127,颐和园西门地铁站,1611.792006,2047.092638,34.11821063,6.823642127,3.165630677
1128,点,照澜院,南1128,清华东路西地铁站,1102.122034,1246.46303,20.77438383,4.154876767,1.165984673
1129,点,御园,西1129,颐和园西门地铁站,1786.785357,2373.270364,39.55450607,7.910901213,3.192173411
1130,点,富润家园,东1130,六道地铁站,89.480631,185.976526,3.099608767,0.619921753,0.211216221
1131,点,东王庄小区,北1131,清华东路西地铁站,262.255115,509.762103,8.49603505,1.69920701,0.753989793
1132,点,东王庄小区,北1132,清华东路西地铁站,491.643415,717.707436,11.9617906,2.39235812,0.813266534
1133,点,东王庄小区,东1133,六道地铁站,286.068448,314.514695,5.241911583,1.048382317,0.3566721
1134,点,富润家园,北1134,六道地铁站,36.04281,34.479622,0.574660367,0.114932073,0.06896131
1135,点,清华东路27号院,南1135,六道地铁站,134.613417,134.615816,2.243596933,0.448719387,0.134619654
1136,点,清华东路27号院,东1136,六道地铁站,76.078521,92.529081,1.54215135,0.30843027,0.063880695
1137,点,大有庄,南1137,北宫门地铁站,406.125038,436.448907,7.27414845,1.45482969,0.315422179
1138,点,大有庄,南1138,北宫门地铁站,213.036728,226.025543,3.767092383,0.753418477,0.15068916
1139,点,清华东路27号院,西1139,六道地铁站,258.841327,372.395073,6.20658455,1.24131691,0.521113122
1140,点,大有庄,西1140,北宫门地铁站,259.707781,335.547712,5.592461867,1.118492373,0.223706763
1141,点,北林家属区,南1141,清华东路西地铁站,423.183626,891.665045,14.86108408,2.972216817,2.132479008
1142,点,静淑苑,西1142,六道地铁站,445.423092,733.019216,12.21698693,2.443397387,1.109660903
1143,点,静淑苑,东1143,六道地铁站,372.81367,511.75024,8.529170667,1.705834133,0.390586427
1144,点,遗光寺-2号院,北1144,安河桥北,1670.743203,2407.315224,40.1219204,8.02438408,4.203574964
1145,点,遗光寺-2号院,北1145,安河桥北,1581.551023,2326.891451,38.78152418,7.756304837,4.166416669
1146,点,遗光寺3号院 军科院家属区,北1146,安河桥北,1224.117536,1918.213488,31.9702248,6.39404496,3.695148381
1147,点,静淑苑,东1147,六道地铁站,482.757358,649.212485,10.82020808,2.164041617,0.616357503
1148,点,北林家属区,东1148,清华东路西地铁站,676.973393,1048.530584,17.47550973,3.495101947,2.039579604
1149,点,厢红旗四号院,西1149,安河桥北,1258.227934,2089.94286,34.832381,6.9664762,3.764494688
1150,点,北京大学燕北园,南1150,北宫门地铁站,900.828318,1242.752402,20.71254003,4.142508007,2.125336413
1151,点,静淑苑,北1151,六道地铁站,644.522797,759.515908,12.65859847,2.531719693,0.695226048
1152,点,柏儒苑,南1152,六道地铁站,801.052686,1097.074164,18.2845694,3.65691388,1.084318823
1153,点,大华花园别墅,东1153,六道地铁站,675.583956,728.059899,12.13433165,2.42686633,0.61836115
1154,点,双清路18号院 半导体研究所家属区,西1154,清华东路西地铁站,823.916228,963.601667,16.06002778,3.212005557,1.688940777
1155,点,柏儒苑,西1155,清华东路西地铁站,918.049392,1140.35751,19.0059585,3.8011917,2.105770942
1156,点,柏儒苑,西1156,学清,939.891657,1653.130533,27.55217555,5.51043511,2.097656357
1157,点,北京大学燕北园,东1157,北宫门地铁站,1104.207419,1536.794232,25.6132372,5.12264744,2.126264404
1158,点,柏儒苑,北1158,学清,885.290928,1714.39426,28.57323767,5.714647533,2.399713669
1159,点,清华大学西北小区,南1159,圆明园地铁站,1472.620006,2141.711084,35.69518473,7.139036947,1.840748259
1160,点,双清苑小区,南1160,学清,1075.94539,1294.451288,21.57418813,4.314837627,1.810143232
1161,点,圆明园西路51号院,南1161,农大南路地铁站,1027.019157,1197.780136,19.96300227,3.992600453,1.794157392
1162,点,荷清苑教师住宅区,南1162,圆明园地铁站,1670.507729,2409.497378,40.15828963,8.031657927,1.740122265
1163,点,双清苑小区,南1163,学清,1059.587443,1238.688114,20.6448019,4.12896038,1.964685686
1164,点,清华大学西北小区,西1164,圆明园地铁站,1474.550477,2109.169796,35.15282993,7.030565987,1.2599914
1165,点,圆明园西路51号院,东1165,农大南路地铁站,970.994564,1002.540935,16.70901558,3.341803117,1.180066199
1166,点,荷清苑教师住宅区,东1166,清华东路西地铁站,1742.279023,2448.707852,40.81179753,8.162359507,2.215100515
1167,点,学知园,北1167,学清,413.974272,558.339449,9.305657483,1.861131497,0.783923827
1168,点,学清苑,南1168,学清,365.807702,515.706334,8.595105567,1.719021113,0.954461122
1169,点,学清苑,南1169,学清,306.731227,424.795337,7.079922283,1.415984457,0.739901934
1170,点,清华大学西北小区,北1170,圆明园地铁站,1640.982777,2366.09432,39.43490533,7.886981067,1.413528198
1171,点,荷清苑教师住宅区,北1171,圆明园地铁站,1814.043411,2598.254144,43.30423573,8.660847147,1.614280524
1172,点,逸城东苑,东1172,学清,231.27517,239.544632,3.992410533,0.798482107,0.130765359
1173,点,裕褀隆园,南1173,安河桥北,294.211943,316.417528,5.273625467,1.054725093,0.507416592
1174,点,厢白旗甲-1号院,南1174,圆明园地铁站,1721.551701,2451.892609,40.86487682,8.172975363,2.086841465
1175,点,竹溪园,东1175,学清,632.119926,1658.729496,27.6454916,5.52909832,3.094761052
1176,点,厢白旗甲-1号院,南1176,圆明园地铁站,1754.928134,2502.302472,41.7050412,8.34100824,2.221244454
1177,点,逸城东苑,东1177,学清,185.467713,211.06355,3.517725833,0.703545167,0.128087052
1178,点,厢白旗甲2号院,南1178,圆明园地铁站,1700.634219,2596.905445,43.28175742,8.656351483,2.231859015
1179,点,竹溪园,北1179,学清,514.775971,583.019302,9.716988367,1.943397673,0.932767672
1180,点,逸城东苑,西1180,学清,364.570333,473.922419,7.898706983,1.579741397,1.197261027
1181,点,裕褀隆园,西1181,安河桥北,247.672189,283.518289,4.725304817,0.945060963,0.44501255
1182,点,褐石园,南1182,圆明园地铁站,1837.712499,2614.069406,43.56782343,8.713564687,1.969739302
1183,点,双清苑小区,东1183,学清,642.736919,694.562392,11.57603987,2.315207973,1.290616427
1184,点,北京大学肖家河教工住宅四区,东1184,安河桥北,522.678731,625.85059,10.43084317,2.086168633,1.125552411
1185,点,建清园南区,东1185,学清,344.082521,407.287722,6.7881287,1.35762574,0.930714693
1186,点,大有北里,南1186,农大南路地铁站,696.512837,1173.18181,19.55303017,3.910606033,1.368421649
1187,点,裕褀隆园,西1187,安河桥北,321.263563,370.713,6.17855,1.23571,0.619408473
1188,点,双清苑小区,北1188,学清,859.844646,871.875139,14.53125232,2.906250463,1.4832725
1189,点,北京大学肖家河教工住宅一区,南1189,农大南路地铁站,585.816351,767.873793,12.79789655,2.55957931,1.167531325
1190,点,双清苑小区,北1190,学清,729.521863,748.056497,12.46760828,2.493521657,1.358132085
1191,点,学清苑,西1191,学清,127.725401,165.636363,2.76060605,0.55212121,0.278787879
1192,点,双泉堡125号院,北1192,学清,455.709036,492.770233,8.212837217,1.642567443,0.571761282
1193,点,北京大学肖家河教工住宅四区,北1193,安河桥北,468.034247,614.896306,10.24827177,2.049654353,1.107793922
1194,点,褐石园,西1194,圆明园地铁站,1792.982393,2984.857944,49.7476324,9.94952648,3.452941137
1195,点,逸城东苑,北1195,学清,167.638799,173.461738,2.891028967,0.578205793,0.329919701
1196,点,城建四公司宿舍,南1196,学清,1176.320225,1190.207121,19.83678535,3.96735707,1.797854021
1197,点,北京大学肖家河教工住宅三区,南1197,安河桥北,483.600733,615.638121,10.26063535,2.05212707,1.109277574
1198,点,八家嘉园,南1198,学清,775.407375,789.219072,13.1536512,2.63073024,1.375519911
1199,点,八家嘉园,南1199,学清,660.710908,674.538821,11.24231368,2.248462737,1.260658393
1200,点,建清园北区,南1200,学清,337.052381,341.58739,5.693123167,1.138624633,0.694433389
1201,点,清林苑,南1201,学清,442.801234,443.08536,7.384756,1.4769512,0.414266857
1202,点,圆明园东里,南1202,上地地铁站西,1846.248344,2441.548779,40.69247965,8.13849593,2.587654457
1203,点,北京大学肖家河教工住宅一区,西1203,农大南路地铁站,414.755449,755.420456,12.59034093,2.518068187,1.341185921
1204,点,北京体育大学颐清园小区,南1204,上地地铁站西,1824.084501,2531.355822,42.1892637,8.43785274,2.946894197
1205,点,北京大学肖家河教工住宅三区,北1205,安河桥北,566.631663,725.69887,12.09498117,2.418996233,1.329407706
1206,点,惠博嘉园,南1206,学清,361.308075,856.897392,14.2816232,2.85632464,1.881005856
1207,点,大有北里,北1207,农大南路地铁站,595.769445,1016.925789,16.94876315,3.38975263,1.905769942
1208,点,西山庭院,南1208,安河桥北,619.505524,776.049278,12.93415463,2.586830927,1.430112032
1209,点,大有北里,北1209,农大南路地铁站,464.663718,875.67692,14.59461533,2.918923067,1.581707849
1210,点,八家嘉园,东1210,学清,535.06617,810.150126,13.5025021,2.70050042,1.098133352
1211,点,八家嘉园,西1211,学清,962.028637,1202.137891,20.03563152,4.007126303,2.558740412
1212,点,北京大学肖家河教工住宅一区,北1212,农大南路地铁站,313.309738,493.823927,8.230398783,1.646079757,0.834617987
1213,点,正黄旗西区,南1213,农大南路地铁站,274.850801,481.298983,8.021649717,1.604329943,0.778869878
1214,点,惠博嘉园,北1214,学清,508.469104,789.078179,13.15130298,2.630260597,1.154537788
1215,点,北京大学肖家河教工住宅二区,东1215,农大南路地铁站,239.90662,547.527957,9.12546595,1.82509319,1.095096716
1216,点,北京体育大学颐清园小区,北1216,上地地铁站西,1632.698362,1938.60259,32.31004317,6.462008633,2.435156648
1217,点,西山庭院,北1217,安河桥北,767.118552,964.851853,16.08086422,3.216172843,1.807731923
1218,点,圆明园花园别墅,南1218,农大南路地铁站,660.156286,1044.085747,17.40142912,3.480285823,1.938729613
1219,点,西山庭院,北1219,农大南路地铁站,508.704999,823.562032,13.72603387,2.745206773,1.536929631
1220,点,圆明园花园别墅,南1220,农大南路地铁站,773.211772,1189.163061,19.81938435,3.96387687,1.377152895
1221,点,北京大学肖家河教工住宅二区,北1221,农大南路地铁站,281.289691,566.826959,9.447115983,1.889423197,1.13369633
1222,点,正黄旗东区,西1222,农大南路地铁站,200.614894,234.031701,3.90052835,0.78010567,0.343535898
1223,点,正黄旗西区,北1223,农大南路地铁站,146.699758,453.426528,7.5571088,1.51142176,0.939214941
1224,点,荷塘月舍,西1224,农大南路地铁站,283.971746,588.462417,9.80770695,1.96154139,1.176968564
1225,点,正黄旗东区,西1225,农大南路地铁站,106.285691,186.167897,3.102798283,0.620559657,0.329856035
1226,点,荷塘月舍,西1226,农大南路地铁站,259.563592,391.671956,6.527865933,1.305573187,0.666142339
1227,点,天秀花园安和园,北1227,农大南路地铁站,712.935465,945.223671,15.75372785,3.15074557,1.781864181
1228,点,天秀花园安和园,北1228,农大南路地铁站,578.720048,807.566807,13.45944678,2.691889357,1.506540268
1229,点,天秀花园-古月园,南1229,农大南路地铁站,720.918914,957.152128,15.95253547,3.190507093,1.84227091
1230,点,正黄旗东区,北1230,农大南路地铁站,40.649788,38.399395,0.639989917,0.127997983,0.025600411
1231,点,七彩华园,东1231,农大南路地铁站,1029.339205,1921.456705,32.02427842,6.404855683,1.707158928
1232,点,正黄旗东区,北1232,农大南路地铁站,90.481288,85.585394,1.426423233,0.285284647,0.057059096
1233,点,农大附中家属宿舍,东1233,农大南路地铁站,440.906289,729.932647,12.16554412,2.433108823,1.555357113
1234,点,农科社区,西1234,农大南路地铁站,114.268926,265.64679,4.4274465,0.8854893,0.371739949
1235,点,裕隆新村,东1235,农大南路地铁站,920.020129,1274.092218,21.2348703,4.24697406,2.847707189
1236,点,丰泽盈和小区,北1236,农大南路地铁站,247.012602,245.129256,4.0854876,0.81709752,0.163425366
1237,点,圆明园花园别墅,北1237,农大南路地铁站,532.392515,673.333182,11.2222197,2.24444394,0.801557984
1238,点,丰泽盈和小区,北1238,农大南路地铁站,342.978499,342.363935,5.706065583,1.141213117,0.228251051
1239,点,农科社区,东1239,农大南路地铁站,238.923432,338.644011,5.64406685,1.12881337,0.397906021
1240,点,树村路甲1号院,东1240,农大南路地铁站,1534.981245,1776.714503,29.61190838,5.922381677,1.184518488
1241,点,广泰小区西区,南1241,农大南路地铁站,467.023456,498.45462,8.307577,1.6615154,0.413996527
1242,点,七彩华园,北1242,农大南路地铁站,948.500348,965.179966,16.08633277,3.217266553,0.643476565
1243,点,裕隆新村,西1243,马连洼,1041.524305,1365.01519,22.75025317,4.550050633,1.350557161
1244,点,七彩华园,北1244,农大南路地铁站,1070.167206,1087.710362,18.12850603,3.625701207,0.725166415
1245,点,裕隆新村,北1245,马连洼,954.160632,1216.437194,20.27395323,4.054790647,1.882467508
1246,点,博雅西园,南1246,农大南路地铁站,1053.278374,1073.308315,17.88847192,3.577694383,0.722224444
1247,点,博雅西园,西1247,农大南路地铁站,900.032678,950.809475,15.84682458,3.169364917,0.714284524
1248,点,天秀花园-古月园,北1248,马连洼地铁站,859.484441,1441.626279,24.02710465,4.80542093,2.540382596
1249,点,广泰小区西区,东1249,农大南路地铁站,644.441805,755.944554,12.5990759,2.51981518,1.172936604
1250,点,天秀花园-久盛居,西1250,马连洼地铁站,840.516596,1453.32866,24.22214433,4.844428867,2.587194128
1251,点,毛纺路39号院,南1251,朱房北,1231.735603,1657.571649,27.62619415,5.52523883,2.206891931
1252,点,博雅西园,东1252,农大南路地铁站,1198.164329,1306.391381,21.77318968,4.354637937,0.983639164
1253,点,圆明园西路甲1号院,北1253,农大南路地铁站,714.919594,930.952971,15.51588285,3.10317657,2.020114132
1254,点,百旺家苑,南1254,马连洼,844.293325,1114.271587,18.57119312,3.714238623,2.173900927
1255,点,水利总队社区,西1255,马连洼地铁站,759.239552,1305.898263,21.76497105,4.35299421,2.363510031
1256,点,农大南路2号院,北1256,上地地铁站西,1093.898679,1463.00592,24.383432,4.8766864,1.801064989
1257,点,天秀花园-澄秀园,南1257,马连洼,766.213172,1371.599885,22.85999808,4.571999617,2.806031273
1258,点,天秀花园-澄秀园,南1258,马连洼地铁站,727.315465,1332.244036,22.20406727,4.440813453,2.468897311
1259,点,圆明园西路1号院,北1259,农大南路地铁站,565.968573,711.882146,11.86470243,2.372940487,1.143797562
1260,点,颐北家苑,南1260,马连洼,766.961499,1032.499306,17.20832177,3.441664353,2.337594624
1261,点,圆明园西路5号,南1261,农大南路地铁站,585.793659,715.324523,11.92207538,2.384415077,1.157567424
1262,点,毛纺路58号院,西1262,小营桥,1107.002992,1757.250251,29.28750418,5.857500837,1.73061136
1263,点,博雅西园,东1263,农大南路地铁站,1227.90007,1426.728901,23.77881502,4.755763003,1.224322757
1264,点,毛纺路39号院,北1264,朱房北,1104.503423,1529.364869,25.48941448,5.097882897,1.694049393
1265,点,毛纺路58号院,西1265,小营桥,1016.198104,1657.093543,27.61822572,5.523645143,1.329972367
1266,点,强佑·府学上院,南1266,小营桥,916.611225,1043.08045,17.38467417,3.476934833,0.962825372
1267,点,毛纺路58号院,东1267,小营桥,897.022944,1360.342337,22.67237228,4.534474457,1.622285444
1268,点,北京清河毛纺织厂宿舍,东1268,小营桥,897.022944,1360.342337,22.67237228,4.534474457,1.622285444
1269,点,颐北家苑,西1269,马连洼,613.614646,861.869338,14.36448897,2.872897793,2.875352913
1270,点,强佑·府学上院,东1270,小营桥,932.565282,944.265249,15.73775415,3.14755083,0.434806319
1271,点,花园新区,北1271,小营桥,848.885222,1306.167246,21.7694541,4.35389082,1.665151682
1272,点,毛纺路58号院,北1272,小营桥,949.903071,1540.139404,25.66899007,5.133798013,1.262680706
1273,点,毛纺路58号院,北1273,小营桥,915.175004,1473.465492,24.5577582,4.91155164,1.396032373
1274,点,花园新区,东1274,小营桥,827.307629,1249.754329,20.82923882,4.165847763,1.581199521
1275,点,毛纺路58号院,北1275,小营桥,878.76065,1394.863266,23.2477211,4.64954422,1.553241467
1276,点,颐北家苑,东1276,马连洼,522.346873,628.881839,10.48136398,2.096272797,1.62364943
1277,点,绿苑小区,南1277,农大南路地铁站,1047.481589,2142.339932,35.70566553,7.141133107,3.799883334
1278,点,清缘里中区,南1278,永泰庄地铁站,993.514049,1395.34792,23.25579867,4.651159733,1.660357396
1279,点,博雅西园,北1279,农大南路地铁站,1191.038014,1486.628047,24.77713412,4.955426823,1.785959474
1280,点,学府树家园-五区,南1280,朱房北,908.174493,1254.473451,20.90789085,4.18157817,1.639444605
1281,点,清河毛纺路16号院,南1281,小营桥,816.622141,1278.162746,21.30271243,4.260542487,1.609141242
1282,点,广泰小区西区,东1282,农大南路地铁站,840.560904,1553.83479,25.8972465,5.1794493,2.858168751
1283,点,广泰小区东区,西1283,农大南路地铁站,866.528983,1587.420772,26.45701287,5.291402573,1.751559818
1284,点,学府树家园-四区,南1284,朱房北,904.762154,1354.308707,22.57181178,4.514362357,1.042506242
1285,点,紫城嘉园,南1285,农大南路地铁站,1201.457326,1484.956253,24.74927088,4.949854177,1.78261584
1286,点,水利社区二号院,西1286,马连洼,487.494631,598.97998,9.982999667,1.996599933,1.504037293
1287,点,清河嘉园,西1287,小营桥,757.882316,1754.12605,29.23543417,5.847086833,2.070516295
1288,点,梅园,东1288,马连洼地铁站,458.190366,618.305036,10.30508393,2.061016787,0.510798559
1289,点,学府树家园-五区,西1289,朱房北,858.323516,1294.918405,21.58197342,4.316394683,1.481305187
1290,点,清河嘉园,北1290,小营桥,723.907811,1039.804761,17.33007935,3.46601587,1.132411009
1291,点,柳浪家园南里,南1291,农大南路地铁站,1409.899956,1721.297221,28.68828702,5.737657403,1.795613377
1292,点,清河毛纺路16号院,西1292,小营桥,808.998958,1411.358372,23.52263953,4.704527907,1.81501685
1293,点,学府树家园-四区,西1293,朱房北,824.055593,1264.18926,21.069821,4.2139642,1.358385083
1294,点,柳浪家园南里,南1294,农大南路地铁站,1526.930094,1849.445352,30.8240892,6.16481784,1.53930794
1295,点,梅园,东1295,马连洼地铁站,406.249401,565.11068,9.418511333,1.883702267,0.404405623
1296,点,柳浪家园南里,西1296,农大南路地铁站,1362.416626,1687.544626,28.12574377,5.625148753,1.794151058
1297,点,颐西庄园,西1297,香山地铁站出,4370.12988,5865.887204,97.76478673,19.55295735,8.552093145
1298,点,学府树家园-五区,东1298,朱房北,799.934412,1232.710541,20.54517568,4.109035137,1.232466342
1299,点,强佑·府学上院,西1299,小营桥,672.127744,947.400681,15.79001135,3.15800227,1.166900331
1300,点,百旺家苑,南1300,马连洼,421.819106,640.79813,10.67996883,2.135993767,1.991033756
1301,点,紫城嘉园,东1301,农大南路地铁站,1350.907176,1711.904717,28.53174528,5.706349057,1.842872904
1302,点,树村丽景苑,南1302,上地地铁站西,1382.200419,2428.212599,40.47020998,8.094041997,2.819509138
1303,点,强佑·府学上院,东1303,小营桥,738.706988,786.419165,13.10698608,2.621397217,0.367067663
1304,点,学府树家园-四区,西1304,朱房北,764.601909,1204.59512,20.07658533,4.015317067,1.120001133
1305,点,清河毛纺路16号院,西1305,小营桥,746.128607,1340.125572,22.3354262,4.46708524,1.997185028
1306,点,学府树家园-四区,北1306,朱房北,768.885312,1264.718634,21.0786439,4.21572878,0.902759306
1307,点,学府树家园-五区,北1307,朱房北,753.432663,1154.02769,19.23379483,3.846758967,1.11235521
1308,点,毛纺小区,西1308,小营桥,799.302439,1452.134447,24.20224078,4.840448157,1.093648063
1309,点,清河毛纺路16号院,东1309,小营桥,609.177623,1008.849725,16.81416208,3.362832417,1.160361396
1310,点,梅园,北1310,马连洼地铁站,298.056913,492.278186,8.204636433,1.640927287,0.82300977
1311,点,兰园小区,南1311,马连洼地铁站,360.753865,659.599291,10.99332152,2.198664303,0.762364376
1312,点,柳浪家园南里,西1312,农大南路地铁站,1415.447745,1793.37988,29.88966467,5.977932933,2.005828942
1313,点,绿苑小区,西1313,农大南路地铁站,972.212197,1352.875283,22.54792138,4.509584277,3.078901877
1314,点,上地东里,南1314,上地地铁站西,459.786034,669.596876,11.15994793,2.231989587,1.197516025
1315,点,马连洼梅园甲,西1315,马连洼,304.156163,422.431951,7.040532517,1.408106503,1.117535491
1316,点,紫城嘉园,西1316,农大南路地铁站,1221.346286,1552.201962,25.8700327,5.17400654,1.917112162
1317,点,清缘里中区,北1317,永泰庄地铁站,770.019617,1157.056845,19.28428075,3.85685615,0.942067579
1318,点,百旺家苑,东1318,马连洼,285.025496,392.098628,6.534977133,1.306995427,0.996197705
1319,点,树村丽景苑,西1319,上地地铁站西,1532.793855,2359.405416,39.3234236,7.86468472,2.581323853
1320,点,清缘里中区,北1320,永泰庄地铁站,782.638896,955.082621,15.91804368,3.183608737,0.793890394
1321,点,清缘东里,北1321,永泰庄地铁站,848.285214,895.36022,14.92267033,2.984534067,0.669453639
1322,点,清河毛纺路16号院,东1322,小营桥,537.054436,935.49544,15.59159067,3.118318133,1.08700513
1323,点,树村丽景苑,东1323,上地地铁站西,1204.375336,2264.860307,37.74767178,7.549534357,2.764865351
1324,点,柳浪家园南里,东1324,农大南路地铁站,1674.417914,2136.540849,35.60901415,7.12180283,1.44833685
1325,点,清缘东里,北1325,永泰庄地铁站,947.640881,1081.143546,18.0190591,3.60381182,0.793312733
1326,点,上地东里,南1326,上地地铁站西,615.908373,833.005011,13.88341685,2.77668337,1.254664453
1327,点,树村丽景苑,西1327,上地地铁站西,1534.435124,2299.898698,38.33164497,7.666328993,2.462306377
1328,点,毛纺小区,北1328,小营桥,621.295277,1184.403861,19.74006435,3.94801287,1.37427959
1329,点,清河毛纺路16号院,北1329,小营桥,541.226883,1317.260508,21.9543418,4.39086836,1.444478888
1330,点,上地佳园,南1330,上地地铁站西,224.145967,468.915113,7.815251883,1.563050377,0.92061646
1331,点,观澳园小区,南1331,林萃桥地铁站,993.796964,1188.773601,19.81289335,3.96257867,0.984276824
1332,点,力度家园,南1332,小营桥,620.270167,1211.729969,20.19549948,4.039099897,1.177961887
1333,点,锋线阁小区,西1333,永泰庄地铁站,737.842874,777.901143,12.96501905,2.59300381,0.596758699
1334,点,绿苑小区,北1334,农大南路地铁站,1191.057501,1666.379176,27.77298627,5.554597253,1.824841085
1335,点,兰园小区,西1335,马连洼地铁站,136.665253,264.683553,4.41139255,0.88227851,0.374223258
1336,点,亿城西山华府珑园,南1336,马连洼地铁站,820.164174,1099.667304,18.3277884,3.66555768,1.065560011
1337,点,泰欣苑,东1337,林萃桥地铁站,1047.036855,1557.617977,25.96029962,5.192059923,1.240348596
1338,点,树村丽景苑,北1338,上地地铁站西,1468.556055,2220.39206,37.00653433,7.401306867,2.47801222
1339,点,柳浪家园南里,北1339,农大南路地铁站,1570.511678,2080.124833,34.66874722,6.933749443,1.938764945
1340,点,树村丽景苑,北1340,上地地铁站西,1363.085001,2114.549931,35.24249885,7.04849977,2.464234691
1341,点,柳浪家园南里,北1341,农大南路地铁站,1650.900385,2189.242659,36.48737765,7.29747553,1.720521461
1342,点,马连洼梅园甲,北1342,马连洼地铁站,149.514179,245.384358,4.0897393,0.81794786,0.289033776
1343,点,西山华府禧园,东1343,马连洼地铁站,677.386548,947.29985,15.78833083,3.157666167,0.892299744
1344,点,百旺家苑,北1344,马连洼地铁站,337.748302,455.302925,7.588382083,1.517676417,0.291412753
1345,点,百旺家苑,东1345,马连洼,168.217197,241.611925,4.026865417,0.805373083,0.394227724
1346,点,学府树家园-二区,南1346,朱房北,539.992551,944.621065,15.74368442,3.148736883,1.49131842
1347,点,裕和嘉园,南1347,上地地铁站西,1468.904114,2222.511399,37.04185665,7.40837133,2.473773595
1348,点,树村丽景苑,东1348,上地地铁站西,1220.616729,2081.583252,34.6930542,6.93861084,2.398299017
1349,点,柳浪家园北里,南1349,农大南路地铁站,1582.212988,2070.338271,34.50563785,6.90112757,1.95833875
1350,点,华润万橡府,南1350,朱房北,529.167242,1101.438838,18.35731397,3.671462793,1.004624954
1351,点,柳浪家园北里,南1351,软件园,1655.601629,2190.276744,36.5046124,7.30092248,2.843256234
1352,点,上地佳园,东1352,上地地铁站西,164.323916,341.183629,5.686393817,1.137278763,0.665145348
1353,点,菊园小区,西1353,农大南路地铁站,1121.061282,1858.207503,30.97012505,6.19402501,1.629128375
1354,点,百旺家苑,北1354,马连洼地铁站,216.680293,305.974345,5.099572417,1.019914483,0.158119752
1355,点,观澳园小区,西1355,林萃桥地铁站,1079.714086,1525.207097,25.42011828,5.084023657,1.113151868
1356,点,砂轮厂宿舍,西1356,小营桥,372.262395,803.609785,13.39349642,2.678699283,0.879310207
1357,点,芳清园,南1357,林萃桥,1103.877089,1333.03265,22.21721083,4.443442167,1.167040329
1358,点,泰欣苑,北1358,林萃桥地铁站,1170.141271,1997.732353,33.29553922,6.659107843,1.36096639
1359,点,上地西里,东1359,上地地铁站西,668.135805,937.083379,15.61805632,3.123611263,1.125244414
1360,点,观澳园小区,西1360,林萃桥地铁站,1096.488586,1435.42944,23.923824,4.7847648,1.023371766
1361,点,泰欣苑,北1361,林萃桥地铁站,1162.179703,1961.377426,32.68962377,6.537924753,1.316506168
1362,点,力度家园,北1362,朱房北,581.540267,804.963988,13.41606647,2.683213293,0.546880198
1363,点,上地东里,西1363,上地地铁站西,607.656564,846.189794,14.10316323,2.820632647,1.102569308
1364,点,裕和嘉园,东1364,上地地铁站西,1291.814886,1934.630941,32.24384902,6.448769803,2.104384289
1365,点,学府树家园-二区,西1365,朱房北,501.801706,649.563655,10.82606092,2.165212183,1.283872828
1366,点,亿城西山华府珑园,西1366,马连洼地铁站,685.873668,847.351359,14.12252265,2.82450453,0.692395409
1367,点,裕和嘉园,西1367,清河站,1522.418685,0,0,0,0
1368,点,菊园小区,西1368,农大南路地铁站,1179.946456,1934.512987,32.24188312,6.448376623,1.67062896
1369,点,华润万橡府,东1369,朱房北,507.566575,762.891057,12.71485095,2.54297019,0.509287574
1370,点,砂轮厂宿舍,西1370,小营桥,300.98397,366.102218,6.101703633,1.220340727,0.251586817
1371,点,龙岗安居里,西1371,永泰庄地铁站,806.739189,1289.717051,21.49528418,4.299056837,1.506570267
1372,点,上地西里,东1372,上地地铁站西,676.312602,885.326771,14.75544618,2.951089237,1.092852071
1373,点,润千秋佳苑,南1373,马连洼地铁站,116.785882,216.191839,3.603197317,0.720639463,0.108099919
1374,点,柳浪家园北里,西1374,软件园,1456.93091,1868.650416,31.1441736,6.22883472,2.813230867
1375,点,学府树家园-二区,东1375,朱房北,407.880044,846.260857,14.10434762,2.820869523,1.82694973
1376,点,柳浪家园北里,东1376,软件园,1617.328639,2155.873809,35.93123015,7.18624603,2.534347656
1377,点,西山华府禧园,东1377,马连洼地铁站,659.412586,815.630447,13.59384078,2.718768157,0.628951377
1378,点,华润万橡府,西1378,朱房北,401.592451,834.555042,13.9092507,2.78185014,1.873774262
1379,点,宝盛西里,南1379,林萃桥地铁站,1226.886567,1949.15327,32.48588783,6.497177567,1.354798452
1380,点,上地佳园,东1380,上地地铁站西,46.236439,209.903997,3.49839995,0.69967999,0.310304897
1381,点,芳清园,西1381,林萃桥地铁站,1170.219745,1360.932935,22.68221558,4.536443117,0.933546331
1382,点,龙岗安居里,西1382,永泰庄地铁站,784.706038,1321.309068,22.0218178,4.40436356,1.632942004
1383,点,龙岗安居里,东1383,永泰庄地铁站,953.03254,1415.199606,23.5866601,4.71733202,1.417403492
1384,点,阳光南里,南1384,小营桥,418.942499,1381.053339,23.01755565,4.60351113,0.861832382
1385,点,马连洼竹园小区,东1385,马连洼地铁站,1168.492241,1296.275167,21.60458612,4.320917223,0.832098012
1386,点,砂轮厂宿舍,西1386,小营桥,258.493061,347.794569,5.79657615,1.15931523,0.233278667
1387,点,美和园东区,南1387,上地,365.638289,1168.792557,19.47987595,3.89597519,1.785871141
1388,点,上地佳园,西1388,上地地铁站西,234.996322,322.965781,5.382763017,1.076552603,0.951572484
1389,点,亿城西山华府珑园,北1389,马连洼地铁站,810.294531,827.226233,13.78710388,2.757420777,0.652143479
1390,点,砂轮厂宿舍,东1390,小营桥,224.654065,347.794569,5.79657615,1.15931523,0.233278667
1391,点,上地佳园,东1391,上地地铁站西,61.260239,151.520537,2.525342283,0.505068457,0.251919481
1392,点,美和园东区,西1392,上地,339.42675,1190.47526,19.84125433,3.968250867,1.66963697
1393,点,龙岗安居里,北1393,永泰庄地铁站,801.173225,1458.525923,24.30876538,4.861753077,2.181824182
1394,点,润千秋佳苑,西1394,马连洼地铁站,249.574394,479.254034,7.987567233,1.597513447,0.820995457
1395,点,西山华府禧园,北1395,马连洼地铁站,449.093237,453.488387,7.558139783,1.511627957,0.484255491
1396,点,菊园小区,西1396,软件园,1160.668426,1170.735119,19.51225198,3.902450397,2.338393283
1397,点,海清园,东1397,小营桥,228.295109,1500.238043,25.00396738,5.000793477,2.07065596
1398,点,北砂小区,东1398,小营桥,228.295109,1500.238043,25.00396738,5.000793477,2.07065596
1399,点,北砂小区,西1399,小营桥,217.845396,347.794569,5.79657615,1.15931523,0.233278667
1400,点,华润万橡府,东1400,朱房北,422.26397,647.760347,10.79600578,2.159201157,0.432531341
1401,点,观澳园小区,北1401,林萃桥地铁站,1265.756569,1670.894647,27.84824412,5.569648823,1.10497995
1402,点,上地佳园,东1402,上地地铁站西,103.821861,146.152571,2.435876183,0.487175237,0.263831695
1403,点,永泰东里,南1403,永泰庄地铁站,565.27085,672.383399,11.20638998,2.241277997,1.109932901
1404,点,龙岗安居里,北1404,永泰庄地铁站,847.127006,1440.901641,24.01502735,4.80300547,2.435819308
1405,点,学府树家园-二区,北1405,朱房北,322.269289,597.288872,9.954814533,1.990962907,1.074766919
1406,点,裕和嘉园,东1406,清河站,1290.174267,0,0,0,0
1407,点,美和园东区,西1407,上地,333.201683,1226.816714,20.44694523,4.089389047,1.645408546
1408,点,宝盛西里,西1408,永泰庄地铁站,1000.5433,1401.472596,23.3578766,4.67157532,1.479995533
1409,点,永泰东里,南1409,永泰庄地铁站,472.866532,571.073826,9.5178971,1.90357942,0.704683286
1410,点,永泰西里西区,北1410,永泰庄地铁站,399.692897,643.261042,10.72101737,2.144203473,0.953490132
1411,点,菊园小区,北1411,软件园,1156.188497,1318.101656,21.96836093,4.393672187,2.633137002
1412,点,海清园,东1412,小营桥,218.726635,1500.238043,25.00396738,5.000793477,2.07065596
1413,点,北砂小区,东1413,小营桥,218.726635,1500.238043,25.00396738,5.000793477,2.07065596
1414,点,菊园小区,北1414,软件园,1215.378363,1502.05156,25.03419267,5.006838533,2.690147432
1415,点,菊园小区,北1415,软件园,1238.260508,1558.020717,25.96701195,5.19340239,2.578205218
1416,点,北砂小区,西1416,小营桥,211.032097,1500.238043,25.00396738,5.000793477,2.07065596
1417,点,观澳园小区,北1417,林萃桥地铁站,1293.556892,1480.972655,24.68287758,4.936575517,0.988270784
1418,点,宝盛东里小区,西1418,永泰庄地铁站,1256.127252,1770.83876,29.51397933,5.902795867,1.387428459
1419,点,宝盛西里,东1419,永泰庄地铁站,1239.039139,1764.501883,29.40836472,5.881672943,1.412776872
1420,点,上地西里,北1420,上地地铁站西,875.325302,1130.040744,18.8340124,3.76680248,1.479580537
1421,点,华润万橡府,北1421,朱房北,278.476935,737.753232,12.2958872,2.45917744,1.249627504
1422,点,永泰西里西区,北1422,永泰庄地铁站,351.326982,567.463898,9.457731633,1.891546327,0.807554924
1423,点,永泰西里东区,北1423,永泰庄地铁站,351.326982,567.463898,9.457731633,1.891546327,0.807554924
1424,点,美和园东区,西1424,上地,330.941357,1273.570857,21.22618095,4.24523619,1.614238191
1425,点,上地东里,东1425,上地地铁站西,316.042092,418.129195,6.968819917,1.393763983,0.779155542
1426,点,百草园社区,南1426,马连洼地铁站,475.298437,798.687696,13.3114616,2.66229232,0.628195051
1427,点,西山林语3区,南1427,屯佃地铁站,3741.027327,4541.160178,75.68600297,15.13720059,6.078709879
1428,点,永泰西里东区,东1428,永泰庄地铁站,360.425282,392.617952,6.543632533,1.308726507,0.334282657
1429,点,阳光南里,北1429,小营桥,440.785477,1230.831855,20.51386425,4.10277285,0.761681716
1430,点,宝盛东里小区,东1430,永泰庄地铁站,1350.593708,1936.41661,32.27361017,6.454722033,1.342232244
1431,点,永泰东里,西1431,永泰庄地铁站,364.002136,401.276201,6.687936683,1.337587337,0.344395889
1432,点,燕语清园小区,西1432,小营桥,253.443466,1500.238043,25.00396738,5.000793477,2.07065596
1433,点,永泰西里东区,北1433,永泰庄地铁站,281.212242,423.656136,7.0609356,1.41218712,0.519931467
1434,点,颐阳山水居养心园,南1434,稻香湖路地铁站,3756.902613,4171.446014,69.52410023,13.90482005,4.97158895
1435,点,永泰东里,北1435,永泰庄地铁站,617.08377,839.493018,13.9915503,2.79831006,1.506181271
1436,点,宝盛西里,东1436,永泰庄地铁站,1159.293304,1644.887886,27.4147981,5.48295962,1.891245421
1437,点,润千秋佳苑,东1437,马连洼地铁站,253.130102,256.353046,4.272550767,0.854510153,0.128181385
1438,点,永泰东里,北1438,永泰庄地铁站,675.016093,965.021832,16.0836972,3.21673944,1.605239947
1439,点,永泰西里北区,南1439,永泰庄地铁站,251.21036,361.938726,6.0323121,1.20646242,0.430384696
1440,点,永泰东里,西1440,永泰庄地铁站,273.120488,326.326511,5.438775183,1.087755037,0.338811612
1441,点,燕语清园小区,西1441,小营桥,271.350174,1426.238301,23.77063835,4.75412767,1.774648253
1442,点,西山林语3区,东1442,屯佃地铁站,3579.768675,4137.559899,68.95933165,13.79186633,4.75961907
1443,点,燕语清园小区,西1443,小营桥,242.958229,1412.972777,23.54954628,4.709909257,1.721584451
1444,点,百草园社区,西1444,马连洼地铁站,542.524742,889.206637,14.82011062,2.964022123,0.718717479
1445,点,永泰东里,西1445,永泰庄地铁站,153.561352,186.746682,3.1124447,0.62248894,0.248874511
1446,点,西山林语3区,北1446,屯佃地铁站,3501.617383,4263.01588,71.05026467,14.21005293,4.502086312
1447,点,宝盛东里小区,北1447,永泰庄地铁站,1225.997783,1646.835322,27.44725537,5.489451073,1.958550748
1448,点,西山林语3区,北1448,屯佃地铁站,3495.498947,4137.116408,68.95194013,13.79038803,4.753896794
1449,点,百草园社区,东1449,马连洼地铁站,790.625166,915.249138,15.2541523,3.05083046,0.908094919
1450,点,林语公馆,南1450,屯佃地铁站,3468.390513,4260.886127,71.01476878,14.20295376,4.506345936
1451,点,宝盛东里小区,东1451,永泰庄地铁站,1379.714364,1881.267372,31.3544562,6.27089124,1.572858938
1452,点,宝盛北里,南1452,永泰庄地铁站,1202.01891,1642.219921,27.37033202,5.474066403,1.968651647
1453,点,颐阳山水居养心园,西1453,稻香湖路地铁站,3467.802401,3801.529678,63.35882797,12.67176559,4.285777808
1454,点,永泰东里,东1454,永泰庄地铁站,218.346526,299.383167,4.98971945,0.99794389,0.447475525
1455,点,西山林语3区,北1455,屯佃地铁站,3394.786937,4348.397146,72.47328577,14.49465715,4.170334296
1456,点,林语别墅,西1456,屯佃地铁站,3335.923873,3887.316892,64.78861487,12.95772297,4.29400606
1457,点,颐阳山水居丁香园,西1457,稻香湖路地铁站,3402.525599,3757.747667,62.62912778,12.52582556,4.110640893
1458,点,和韵家园,东1458,上地,566.739995,1578.931571,26.31552618,5.263105237,1.548450182
1459,点,锦顺佳园,南1459,上地,510.799323,1494.237352,24.90395587,4.980791173,1.491985747
1460,点,永泰庄北路20号院,北1460,永泰庄地铁站,309.549658,428.13598,7.135599667,1.427119933,0.70498795
1461,点,西山林语3区,北1461,屯佃地铁站,3339.34099,4357.787213,72.62978688,14.52595738,4.056121105
1462,点,永泰庄北路20号院,北1462,永泰庄地铁站,395.233854,518.194685,8.636578083,1.727315617,0.885110482
1463,点,怡清园小区,北1463,永泰庄地铁站,416.661648,540.429093,9.00715155,1.80143031,0.929580371
1464,点,林语公馆,西1464,屯佃地铁站,3303.881024,4260.161317,71.00268862,14.20053772,3.993854728
1465,点,前屯路58号院1号楼,西1465,永泰庄地铁站,387.213492,646.294572,10.7715762,2.15431524,1.119348473
1466,点,怡清园小区,北1466,永泰庄地铁站,500.749963,626.291081,10.43818468,2.087636937,1.10130932
1467,点,清上园,东1467,朱房北,253.962101,318.295735,5.304928917,1.060985783,0.973843595
1468,点,怡清园小区,北1468,永泰庄地铁站,532.885908,659.176128,10.9862688,2.19725376,1.167080996
1469,点,前屯路58号院2号楼,西1469,永泰庄地铁站,394.254089,644.548271,10.74247118,2.148494237,1.11236321
1470,点,颐春小区,南1470,稻香湖路地铁站,3295.495481,3593.637016,59.89395027,11.97879005,3.454165791
1471,点,美欣家园,南1471,小营桥,394.814379,0,0,0,0
1472,点,锦顺佳园,北1472,清河站,523.530186,0,0,0,0
1473,点,和韵家园,北1473,上地,649.556309,1525.775056,25.42958427,5.085916853,1.872921271
1474,点,清上园,东1474,朱房北,314.217037,381.640492,6.360674867,1.272134973,1.227230394
1475,点,观林园,西1475,永泰庄地铁站,1368.696775,1699.105112,28.31841853,5.663683707,1.712689873
1476,点,颐春小区,北1476,稻香湖路地铁站,3184.785931,3460.153636,57.66922727,11.53384545,2.920205798
1477,点,颐阳山水居东区,北1477,屯佃地铁站,3156.321149,4087.761077,68.12935128,13.62587026,3.649038176
1478,点,宝盛北里,西1478,永泰庄地铁站,998.200699,1128.988612,18.81647687,3.763295373,2.111583551
1479,点,后屯路32号院（冶金社区南区）,西1479,永泰庄地铁站,195.24965,367.700914,6.128348567,1.225669713,0.570169632
1480,点,观林园,东1480,永泰庄地铁站,1718.653343,2084.832915,34.74721525,6.94944305,2.847818855
1481,点,怡美家园,东1481,清河站,703.940913,0,0,0,0
1482,点,美欣家园,北1482,小营桥,531.733625,745.514263,12.42523772,2.485047543,0.413924861
1483,点,宝盛北里,北1483,永泰庄地铁站,1136.844014,1270.179022,21.16965037,4.233930073,2.188139785
1484,点,颐阳山水居东区,西1484,屯佃地铁站,3135.848881,4263.629165,71.06048608,14.21209722,3.339218941
1485,点,颐阳山水居西区百合园,北1485,稻香湖路地铁站,3099.965208,3534.40165,58.90669417,11.78133883,2.481097855
1486,点,清上园,北1486,朱房北,521.133973,652.034979,10.86724965,2.17344993,0.904553954
1487,点,小营西路31号院,南1487,朱房北,659.077777,865.185288,14.4197548,2.88395096,0.77434159
1488,点,小营西路31号院,西1488,朱房北,721.115811,947.380322,15.78967203,3.157934407,0.711786882
1489,点,东馨园小区,南1489,软件园,365.102111,500.324719,8.338745317,1.667749063,0.801561651
1490,点,观林园,北1490,永泰庄地铁站,1499.270408,1636.24898,27.27081633,5.454163267,2.147157528
1491,点,东馨园小区,南1491,软件园,387.576701,579.056194,9.650936567,1.930187313,0.854051459
1492,点,西山壹号院南区,北1492,马连洼地铁站,966.710732,1352.59755,22.5432925,4.5086585,1.116802165
1493,点,西山壹号院南区,北1493,马连洼地铁站,941.993672,1505.103435,25.08505725,5.01701145,1.421825448
1494,点,西山壹号院北区,南1494,马连洼地铁站,982.334555,1372.085928,22.8680988,4.57361976,1.155780109
1495,点,西山壹号院北区,南1495,马连洼地铁站,965.094901,1492.493074,24.87488457,4.974976913,1.3966037
1496,点,东旭园,东1496,软件园,523.27855,742.801301,12.38002168,2.476004337,0.968726979
1497,点,怡美家园,北1497,清河站,485.379685,0,0,0,0
1498,点,怡美家园,北1498,清河站,350.070062,0,0,0,0
1499,点,温泉路45号院,西1499,稻香湖路地铁站,2924.0916,3202.9781,53.38296833,10.67659367,2.447094529
1500,点,当代城市家园,南1500,清河站,287.541537,0,0,0,0
1501,点,东馨园小区,东1501,软件园,432.050532,625.341973,10.42236622,2.084473243,0.70968657
1502,点,东馨园小区,北1502,软件园,251.144939,331.504483,5.525074717,1.105014943,0.663033036
1503,点,东馨园小区,东1503,软件园,402.661653,578.762227,9.646037117,1.929207423,0.616523835
1504,点,东旭园,北1504,软件园,452.565045,623.952817,10.39921362,2.079842723,0.744595221
1505,点,当代城市家园,西1505,清河站,166.916282,0,0,0,0
1506,点,当代城市家园,南1506,清河站,531.433579,0,0,0,0
1507,点,专家国际花园,东1507,西小地铁站,485.855149,626.520252,10.4420042,2.08840084,1.259408739
1508,点,紫郡兰园,南1508,屯佃地铁站,2755.835502,3706.354232,61.77257053,12.35451411,2.423440099
1509,点,尚峰尚水尚品园,南1509,稻香湖路地铁站,2728.361953,3061.261588,51.02102647,10.20420529,2.304859618
1510,点,专家国际花园,西1510,西小地铁站,293.931265,322.095671,5.368261183,1.073652237,0.228347717
1511,点,莱圳家园南区,南1511,西小地铁站,543.202988,764.126566,12.73544277,2.547088553,1.156124439
1512,点,当代城市家园,北1512,清河站,315.060343,0,0,0,0
1513,点,上地MOMA,南1513,清河站,317.051679,0,0,0,0
1514,点,万科翡翠云图,南1514,屯佃地铁站,2756.60113,3915.778495,65.26297492,13.05259498,2.942873238
1515,点,当代城市家园,北1515,清河站,417.06938,0,0,0,0
1516,点,如园,南1516,西北旺地铁站,502.419384,710.664933,11.84441555,2.36888311,0.532159345
1517,点,莱圳家园南区,西1517,西小地铁站,649.001983,797.987585,13.29979308,2.659958617,0.891810748
1518,点,温泉人家,北1518,稻香湖路地铁站,2646.101514,3022.915103,50.38191838,10.07638368,2.722063446
1519,点,上地MOMA,南1519,清河站,383.674367,0,0,0,0
1520,点,安宁里小区,南1520,朱房北,931.132828,1281.262852,21.35438087,4.270876173,0.993793395
1521,点,福溪家园,南1521,稻香湖路地铁站,2636.417225,3060.937983,51.01563305,10.20312661,2.798113019
1522,点,万科翡翠云图,东1522,屯佃地铁站,2665.468113,3731.972672,62.19954453,12.43990891,2.933463332
1523,点,安宁里小区,南1523,朱房北,941.59561,1392.970995,23.21618325,4.64323665,1.217216494
1524,点,上林溪(安宁华庭),西1524,清河站,729.934023,0,0,0,0
1525,点,温泉人家,北1525,稻香湖路地铁站,2596.020269,2904.35102,48.40585033,9.681170067,2.523221434
1526,点,尚峰尚水尚品园,北1526,稻香湖路地铁站,2586.067303,2727.411203,45.45685338,9.091370677,2.025073749
1527,点,紫郡兰园,西1527,屯佃地铁站,2637.549633,3704.562219,61.74270365,12.34854073,2.87863988
1528,点,福溪家园,南1528,稻香湖路地铁站,2591.661627,2939.977995,48.99963325,9.79992665,2.574876918
1529,点,万科翡翠云图,东1529,屯佃地铁站,2629.288876,3695.785705,61.59642842,12.31928568,2.861086056
1530,点,上地MOMA,南1530,清河站,486.859355,0,0,0,0
1531,点,当代城市家园,东1531,清河站,690.003213,0,0,0,0
1532,点,尚峰尚水东区,南1532,稻香湖路地铁站,2526.738591,2727.182201,45.45303668,9.090607337,2.024615754
1533,点,北辰.香麓-欣麓园,南1533,稻香湖路地铁站,2604.461284,3280.163294,54.66938823,10.93387765,2.486069472
1534,点,安宁里小区,西1534,朱房北,1053.23743,1325.797135,22.09661892,4.419323783,0.896020373
1535,点,莱圳家园南区,北1535,西小地铁站,511.991033,574.062713,9.567711883,1.913542377,0.560473062
1536,点,上地MOMA,南1536,清河站,567.743007,0,0,0,0
1537,点,尚峰尚水尚居园,南1537,稻香湖路地铁站,2545.823669,2971.348249,49.52247082,9.904494163,2.512972537
1538,点,如园,东1538,西北旺地铁站,445.75949,681.64144,11.36069067,2.272138133,0.814979183
1539,点,上林溪(安宁华庭),南1539,清河站,1080.521043,0,0,0,0
1540,点,水岸家园,南1540,屯佃地铁站,2766.760451,4114.953116,68.58255193,13.71651039,2.864654353
1541,点,莱圳家园2期,南1541,西小地铁站,496.010878,689.830545,11.49717575,2.29943515,0.63401366
1542,点,上地MOMA,南1542,清河站,673.05801,0,0,0,0
1543,点,尚峰尚水东区,西1543,稻香湖路地铁站,2458.977736,2782.422739,46.37371232,9.274742463,2.534006326
1544,点,莱圳家园2期,西1544,西小地铁站,588.426555,800.311816,13.33853027,2.667706053,0.751066489
1545,点,尚峰尚水尚居园,东1545,稻香湖路地铁站,2455.624577,2759.229381,45.98715635,9.19743127,2.626784399
1546,点,世华龙樾,南1546,西小地铁站,119.049811,180.089328,3.0014888,0.60029776,0.166488335
1547,点,水岸家园,东1547,屯佃地铁站,2603.346001,3786.426162,63.1071027,12.62142054,2.340737592
1548,点,画眉庭院,东1548,屯佃地铁站,2486.313527,3552.589776,59.2098296,11.84196592,2.57468092
1549,点,画眉庭院,西1549,屯佃地铁站,2539.926696,3659.509673,60.99182788,12.19836558,2.727766389
1550,点,安宁里小区,西1550,朱房北,1185.811969,1464.652527,24.41087545,4.88217509,0.988593447
1551,点,福溪家园,北1551,稻香湖路地铁站,2418.000159,2765.041952,46.08403253,9.216806507,2.458247084
1552,点,上地MOMA,东1552,清河站,722.962638,0,0,0,0
1553,点,世华龙樾,西1553,西小地铁站,276.200927,537.830907,8.96384845,1.79276969,0.593718063
1554,点,金隅凤栖家园南区,北1554,清河站,826.971029,0,0,0,0
1555,点,如园,东1555,西北旺地铁站,353.244507,555.74777,9.262462833,1.852492567,0.563181701
1556,点,文龙家园一里,南1556,西小地铁站,102.883674,102.828268,1.713804467,0.342760893,0.102831305
1557,点,尚峰尚水东区,东1557,稻香湖路地铁站,2383.203317,2481.23017,41.35383617,8.270767233,1.739438605
1558,点,文龙家园一里,南1558,西小地铁站,177.586788,177.573029,2.959550483,0.591910097,0.177577891
1559,点,金隅凤栖家园一区,南1559,清河站,832.519315,0,0,0,0
1560,点,百旺·茉莉园1期,南1560,西北旺,262.829292,311.85238,5.197539667,1.039507933,0.444981217
1561,点,尚峰尚水尚峰园,南1561,稻香湖路地铁站,2380.505014,2821.110069,47.01850115,9.40370023,3.141082589
1562,点,北辰.香麓-欣麓园,东1562,稻香湖路地铁站,2427.378046,3068.827049,51.14711748,10.2294235,3.100553661
1563,点,金隅凤栖家园南区,北1563,清河站,934.441655,0,0,0,0
1564,点,莱圳家园2期,东1564,西小地铁站,332.971025,461.161084,7.686018067,1.537203613,0.429692703
1565,点,尚峰尚水东区,北1565,稻香湖路地铁站,2317.154697,2599.016543,43.31694238,8.663388477,2.289640103
1566,点,文龙家园一里,东1566,西小地铁站,227.513935,309.200983,5.153349717,1.030669943,0.535127649
1567,点,北辰.香麓-欣麓园,西1567,稻香湖路地铁站,2533.327044,3485.810469,58.09684115,11.61936823,2.944043226
1568,点,尚峰尚水尚峰园,东1568,稻香湖路地铁站,2312.348865,2605.466122,43.42443537,8.684887073,2.315439512
1569,点,上林溪(安宁华庭),东1569,清河站,1238.712615,0,0,0,0
1570,点,碧水家园,西1570,西北旺地铁站,1237.673079,1848.737946,30.8122991,6.16245982,1.979576204
1571,点,莱圳家园2期,北1571,西小地铁站,455.999267,533.289321,8.88815535,1.77763107,0.57395326
1572,点,莱圳家园2期,北1572,西小地铁站,332.421327,409.2543,6.820905,1.364181,0.325876075
1573,点,凤栖西路2号院,南1573,清河站,1015.989454,0,0,0,0
1574,点,山屿·西山著,西1574,屯佃地铁站,2310.501114,3377.206742,56.28677903,11.25735581,2.444794218
1575,点,山屿湖,东1575,屯佃地铁站,2314.83509,3381.430285,56.35717142,11.27143428,2.453241801
1576,点,安宁里小区,北1576,清河站,1330.78911,0,0,0,0
1577,点,水岸家园,西1577,稻香湖路地铁站,2509.38801,3356.216027,55.93693378,11.18738676,2.758812745
1578,点,安宁庄北里8号,西1578,清河站,1292.057253,0,0,0,0
1579,点,文龙家园一里,东1579,西小地铁站,244.21789,379.753173,6.32921955,1.26584391,0.803769629
1580,点,燕尚园,南1580,清河站,745.757858,0,0,0,0
1581,点,碧水家园,东1581,西北旺地铁站,1136.319904,1917.017756,31.95029593,6.390059187,2.451913147
1582,点,金隅凤栖家园一区,东1582,清河站,937.381044,0,0,0,0
1583,点,凤栖西路2号院,西1583,清河站,958.881087,0,0,0,0
1584,点,雪梨澳乡B区,南1584,西小地铁站,1125.394811,1368.445492,22.80742487,4.561484973,1.492133412
1585,点,北辰.香麓-欣麓园,东1585,稻香湖路地铁站,2307.930424,2986.393247,49.77322078,9.954644157,2.900245331
1586,点,文龙家园一里,东1586,西小地铁站,262.761043,391.299875,6.521664583,1.304332917,0.476053906
1587,点,碧水家园,东1587,西北旺地铁站,1133.62965,1875.153867,31.25256445,6.25051289,2.619375473
1588,点,尚峰尚水尚峰园,北1588,稻香湖路地铁站,2229.797513,2725.232691,45.42054485,9.08410897,2.377897554
1589,点,文龙家园一里,北1589,西小地铁站,184.162896,256.596315,4.27660525,0.85532105,0.447105862
1590,点,山屿·西山著,西1590,屯佃地铁站,2219.029419,3287.920787,54.79867978,10.95973596,2.266214004
1591,点,碧水家园,西1591,西北旺地铁站,1225.170194,1726.257346,28.77095577,5.754191153,2.224547754
1592,点,北辰.香麓-欣麓园,北1592,稻香湖路地铁站,2285.608248,3085.042014,51.4173669,10.28347338,3.097553024
1593,点,碧水家园,东1593,西北旺地铁站,1132.490887,1834.298419,30.57164032,6.114328063,2.782804172
1594,点,山屿湖,东1594,屯佃地铁站,2208.344323,3265.123507,54.41872512,10.88374502,2.22061746
1595,点,安宁庄东路6号院,西1595,清河站,1297.062263,0,0,0,0
1596,点,水岸家园,北1596,屯佃地铁站,2367.171025,3485.320553,58.08867588,11.61773518,2.122563774
1597,点,景和园,南1597,西北旺地铁站,630.23421,737.286855,12.28811425,2.45762285,0.48070686
1598,点,燕尚园,北1598,西二旗,630.605362,1033.736378,17.22893963,3.445787927,1.798011353
1599,点,百旺·茉莉园1期,西1599,西北旺地铁站,421.568755,601.271143,10.02118572,2.004237143,1.110234564
1600,点,百旺·茉莉园2期,东1600,西北旺地铁站,452.853281,603.74525,10.06242083,2.012484167,1.115182848
1601,点,百旺·茉莉园2期,西1601,西北旺地铁站,739.315355,0,0,0,0
1602,点,冬晴园,南1602,西北旺地铁站,845.747221,952.845729,15.88076215,3.17615243,0.624418422
1603,点,百旺·茉莉园1期,东1603,西北旺地铁站,31.427584,31.045351,0.517422517,0.103484503,0.015523178
1604,点,燕尚园,北1604,西二旗,648.736947,962.794385,16.04657308,3.209314617,1.6499985
1605,点,山屿·西山著,西1605,屯佃地铁站,2142.83193,3201.311635,53.35519392,10.67103878,2.092987737
1606,点,凤栖西路2号院,东1606,清河站,1150.503403,0,0,0,0
1607,点,燕尚园,东1607,西二旗,814.056279,1190.587135,19.84311892,3.968623783,1.189533105
1608,点,山屿湖,东1608,屯佃地铁站,2143.724044,3187.337383,53.12228972,10.62445794,2.065037683
1609,点,雪梨澳乡B区,东1609,西小地铁站,1156.953743,1516.088521,25.26814202,5.053628403,2.039494938
1610,点,安宁庄东路6号院,北1610,清河站,1373.097139,0,0,0,0
1611,点,水利一处宿舍,北1611,清河站,1373.097139,0,0,0,0
1612,点,智学苑,南1612,西二旗,648.410556,895.066233,14.91777055,2.98355411,1.486005806
1613,点,陶瓷厂宿舍,南1613,清河站,1382.317108,0,0,0,0
1614,点,水利一处宿舍,东1614,清河站,1461.87257,0,0,0,0
1615,点,陶瓷厂宿舍,西1615,清河站,1320.61605,0,0,0,0
1616,点,景和园,北1616,西北旺地铁站,726.430801,983.886185,16.39810308,3.279620617,0.8299727
1617,点,百旺·茉莉园1期,北1617,西北旺地铁站,225.763282,0,0,0,0
1618,点,冬晴园,西1618,西北旺地铁站,758.217473,990.12002,16.50200033,3.300400067,0.842440909
1619,点,燕保·温泉家园,南1619,温阳路地铁站,2175.142448,2471.39353,41.18989217,8.237978433,2.342812238
1620,点,陶瓷厂宿舍,东1620,清河站,1476.689351,0,0,0,0
1621,点,颐和山庄,西1621,西北旺地铁站,1702.633414,1922.661726,32.0443621,6.40887242,3.664751019
1622,点,燕保·温泉家园,西1622,温阳路地铁站,2120.29247,2389.934576,39.83224293,7.966448587,2.016959164
1623,点,中海枫涟山庄,南1623,西北旺地铁站,157.961748,214.110099,3.56850165,0.71370033,0.358755079
1624,点,秋露园,南1624,西北旺地铁站,418.976372,486.930626,8.115510433,1.623102087,0.904417956
1625,点,西二旗铭科苑小区,西1625,西二旗,673.30544,975.660393,16.26100655,3.25220131,0.945477212
1626,点,冬晴园,北1626,西北旺地铁站,860.084658,1077.740229,17.96233715,3.59246743,1.242170578
1627,点,燕保·温泉家园,北1627,温阳路地铁站,2109.071655,3473.390579,57.88984298,11.5779686,3.239349606
1628,点,西二旗铭科苑小区,南1628,西二旗,826.663554,1191.635282,19.86058803,3.972117607,0.987543124
1629,点,夏霖园,南1629,西北旺地铁站,651.715556,723.797756,12.06329593,2.412659187,1.195375046
1630,点,育新嘉园,西1630,西小地铁站,1193.278758,1679.952288,27.9992048,5.59984096,2.738198284
1631,点,春晖园,南1631,西北旺地铁站,869.646979,975.841446,16.2640241,3.25280482,1.446483202
1632,点,西六砖瓦厂家属楼,北1632,屯佃地铁站,2116.363469,3834.444391,63.90740652,12.7814813,6.30459262
1633,点,西二旗铭科苑小区,西1633,西二旗,618.405209,905.167582,15.08612637,3.017225273,0.7599494
1634,点,雪梨澳乡B区,北1634,育新地铁站,1359.078011,1819.250875,30.32084792,6.064169583,2.327245727
1635,点,颐和山庄,东1635,西北旺地铁站,1296.979069,1553.8334,25.89722333,5.179444667,2.604128625
1636,点,智学苑,东1636,西二旗,558.097919,823.353595,13.72255992,2.744511983,0.676342903
1637,点,中海枫涟山庄,东1637,西北旺地铁站,371.138879,542.337445,9.038957417,1.807791483,1.015235848
1638,点,秋露园,西1638,西北旺地铁站,395.769874,542.875004,9.047916733,1.809583347,1.01631117
1639,点,雪梨澳乡A区,南1639,育新地铁站,1367.473845,1832.269304,30.53782173,6.107564347,2.068106985
1640,点,领秀新硅谷,南1640,西二旗,178.028496,462.721843,7.712030717,1.542406143,0.489991767
1641,点,宏丰西路1号院,东1641,屯佃地铁站,2088.491632,3904.775584,65.07959307,13.01591861,6.585929807
1642,点,雪梨澳乡A区,南1642,育新地铁站,1223.35945,1643.291346,27.3881891,5.47763782,2.824041759
1643,点,智学苑,北1643,西二旗,371.073613,575.71916,9.595319333,1.919063867,0.500148332
1644,点,农机所宿舍,南1644,西小地铁站,908.569235,1816.95068,30.28251133,6.056502267,4.199058342
1645,点,春晖园,西1645,西北旺地铁站,792.883619,978.571345,16.30952242,3.261904483,1.387535458
1646,点,夏霖园,东1646,西北旺地铁站,768.207824,984.256803,16.40428005,3.28085601,1.398907011
1647,点,西二旗铭科苑小区,东1647,西二旗,895.972813,1286.494403,21.44157338,4.288314677,0.943930561
1648,点,永靓家园58号院,东1648,西北旺地铁站,1079.807979,1339.547978,22.32579963,4.465159927,1.970046966
1649,点,永靓家园56号院,西1649,西北旺地铁站,1066.87863,1352.909548,22.54849247,4.509698493,1.956684766
1650,点,西山锦绣府（一期）,西1650,西北旺地铁站,1299.34593,1661.909268,27.6984878,5.53969756,2.490312763
1651,点,宏丰西路1号院,北1651,屯佃地铁站,1993.272145,4004.00651,66.73344183,13.34668837,6.793180734
1652,点,兴林嘉园,南1652,育新地铁站,755.931677,1264.904717,21.08174528,4.216349057,1.063498365
1653,点,永靓家园56号院,东1653,西北旺地铁站,908.638232,1157.661593,19.29435988,3.858871977,1.637657957
1654,点,中海枫涟山庄,北1654,西北旺地铁站,388.479246,719.912991,11.99854985,2.39970997,0.811448885
1655,点,春晖园,东1655,西北旺地铁站,983.842759,1269.698203,21.16163672,4.232327343,1.663691696
1656,点,兴林嘉园,南1656,育新地铁站,711.606217,933.821631,15.56369385,3.11273877,0.732405343
1657,点,领秀新硅谷,西1657,西二旗,416.540293,769.900768,12.83167947,2.566335893,0.741836915
1658,点,常秀家园,西1658,育新地铁站,1473.660667,1844.50239,30.7417065,6.1483413,1.530504361
1659,点,领秀新硅谷,东1659,西二旗,379.844927,753.633558,12.5605593,2.51211186,0.827461392
1660,点,西二旗铭科苑小区,东1660,西二旗,805.331702,1121.512662,18.6918777,3.73837554,0.831654017
1661,点,安宁庄路5号院,南1661,清河站,1677.634821,0,0,0,0
1662,点,西山锦绣府（一期）,北1662,西北旺地铁站,1264.823678,1568.92394,26.14873233,5.229746467,2.012923871
1663,点,西山锦绣府（一期）,北1663,西北旺地铁站,1260.603801,1563.940346,26.06567243,5.213134487,2.002956304
1664,点,永靓家园58号院,北1664,西北旺地铁站,1260.603801,1563.940346,26.06567243,5.213134487,2.002956304
1665,点,801号院,东1665,育新地铁站,1634.615837,1743.2796,29.05466,5.810932,1.315021183
1666,点,永靓家园56号院,北1666,西北旺地铁站,1055.319321,1311.352546,21.85587577,4.371175153,1.497759356
1667,点,北京市海淀区金山敬老院,东1667,北安河地铁站,1509.190446,2469.909085,41.16515142,8.233030283,2.359994733
1668,点,颐和山庄,东1668,永丰南,1372.294665,1859.67038,30.99450633,6.198901267,1.959884068
1669,点,雪梨澳乡A区,东1669,育新地铁站,1075.098106,1264.456514,21.07427523,4.214855047,2.554742452
1670,点,悦秀园社区,东1670,育新地铁站,1075.098106,1264.456514,21.07427523,4.214855047,2.554742452
1671,点,悦秀园社区,西1671,育新地铁站,1221.65216,1861.009656,31.0168276,6.20336552,1.596535368
1672,点,育新花园,西1672,育新地铁站,633.746752,959.578351,15.99297252,3.198594503,2.348012186
1673,点,安宁庄路5号院,北1673,西二旗,1675.371108,2246.197655,37.43662758,7.487325517,1.623766429
1674,点,林涧阳光小区,东1674,育新地铁站,973.737356,1227.080897,20.45134828,4.090269657,2.405235614
1675,点,领秀新硅谷,西1675,西二旗,339.168938,982.703308,16.37838847,3.275677693,1.174831252
1676,点,领秀新硅谷,东1676,西二旗,325.018713,997.069372,16.61782287,3.323564573,1.058253751
1677,点,环保嘉苑17号院,东1677,温阳路地铁站,1683.315978,2137.68597,35.6280995,7.1256199,2.599820002
1678,点,育新花园,西1678,育新地铁站,559.920628,847.633941,14.12723235,2.82544647,1.900221331
1679,点,育新花园,东1679,育新地铁站,442.805269,472.722672,7.8787112,1.57574224,0.400532661
1680,点,领秀新硅谷,西1680,西二旗,364.46915,1068.308827,17.80514712,3.561029423,0.977424892
1681,点,林涧阳光小区,东1681,育新地铁站,921.015705,1125.122315,18.75203858,3.750407717,1.997389026
1682,点,领秀硅谷,西1682,西二旗,739.345705,1239.741649,20.66236082,4.132472163,0.948295517
1683,点,沁春家园,东1683,育新地铁站,916.283319,1116.027182,18.60045303,3.720090607,1.96100739
1684,点,育新花园,东1684,育新地铁站,390.501122,514.214538,8.5702423,1.71404846,0.38402516
1685,点,领秀新硅谷,东1685,西二旗,698.491754,1225.363258,20.42272097,4.084544193,1.213962527
1686,点,领秀新硅谷,东1686,西二旗,373.933306,1015.590692,16.92651153,3.385302307,0.854502455
1687,点,育新花园,西1687,育新地铁站,476.333681,677.875538,11.29792563,2.259585127,1.910917557
1688,点,沁春家园,东1688,育新地铁站,880.845833,1028.844477,17.14740795,3.42948159,1.612266211
1689,点,育新花园,东1689,育新地铁站,313.129402,534.881832,8.9146972,1.78293944,0.367000997
1690,点,环保嘉苑15号院,东1690,温阳路地铁站,1557.284145,1958.000112,32.6333352,6.52666704,2.666193671
1691,点,领秀硅谷,东1691,西二旗,1151.402632,1596.78958,26.61315967,5.322631933,1.339343606
1692,点,阅西山家园,西1692,温阳路地铁站,1230.428015,1368.651506,22.81085843,4.562171687,1.1266564
1693,点,博雅德园,西1693,西二旗,731.324228,1282.804977,21.38008295,4.27601659,0.832127345
1694,点,中国铁建理想谷,南1694,温阳路地铁站,1398.625281,1742.874198,29.0479033,5.80958066,2.210786225
1695,点,沁春家园,东1695,育新地铁站,842.0528,898.551128,14.97585213,2.995170427,1.091077089
1696,点,沁春家园,北1696,育新地铁站,1038.425858,1039.275247,17.32125412,3.464250823,1.199542671
1697,点,阅西山家园,东1697,温阳路地铁站,1266.097445,1572.530019,26.20883365,5.24176673,1.876258571
1698,点,环保嘉苑13号院,东1698,温阳路,1433.897524,1901.139621,31.68566035,6.33713207,2.349995166
1699,点,山水居小区,南1699,永丰南,851.199975,983.802008,16.39670013,3.279340027,0.854534121
1700,点,领秀硅谷,东1700,西二旗,1157.795724,1759.030089,29.31716815,5.86343363,1.296070373
1701,点,领秀硅谷,西1701,西二旗,948.014398,1520.388465,25.33980775,5.06796155,1.209292574
1702,点,博雅德园,西1702,西二旗,948.014398,1520.388465,25.33980775,5.06796155,1.209292574
1703,点,阅西山家园,西1703,温阳路地铁站,1080.749605,1180.740007,19.67900012,3.935800023,1.044291224
1704,点,山水居小区,东1704,永丰南,782.12296,780.137884,13.00229807,2.600459613,0.390085099
1705,点,阅西山家园,东1705,温阳路地铁站,1132.434144,1421.792224,23.69653707,4.739307413,1.599702669
1706,点,海悦梧桐苑2号院,南1706,育新地铁站,985.208233,1260.304149,21.00506915,4.20101383,1.622387109
1707,点,育新花园,北1707,育新地铁站,170.18989,189.158302,3.152638367,0.630527673,0.381954514
1708,点,阅西山家园,北1708,温阳路地铁站,1014.792184,1217.221836,20.2870306,4.05740612,1.348249851
1709,点,海悦梧桐苑2号院,西1709,育新地铁站,891.890848,1067.71228,17.79520467,3.559040933,1.237192628
1710,点,海悦梧桐苑2号院,北1710,育新地铁站,936.808048,1041.093399,17.35155665,3.47031133,1.183953494
1711,点,建材城西一里,南1711,育新地铁站,306.174099,306.844203,5.11407005,1.02281401,0.548930177
1712,点,华鸿家园,东1712,霍营地铁站,1983.340993,2575.225318,42.92042197,8.584084393,2.504388289
1713,点,建材城东一里,南1713,霍营地铁站,1247.753315,1644.722032,27.41203387,5.482406773,2.826426069
1714,点,海悦梧桐苑3号院,东1714,育新地铁站,772.972962,843.989119,14.06648532,2.813297063,0.789734103
1715,点,永旺家园一区,南1715,永丰南,454.794005,642.189571,10.70315952,2.140631903,0.321108122
1716,点,华鸿家园,西1716,霍营地铁站,1756.973933,2325.486093,38.75810155,7.75162031,2.004897284
1717,点,建材城东二里,南1717,霍营地铁站,1443.456217,1981.472047,33.02453412,6.604906823,2.94393056
1718,点,建材城富力桃园,南1718,霍营地铁站,1600.182428,2172.632998,36.21054997,7.242109993,3.326262404
1719,点,枫丹丽舍小区,南1719,霍营地铁站,891.923055,1483.186827,24.71978045,4.94395609,2.722313777
1720,点,建材城西二里,南1720,育新地铁站,659.209455,664.430194,11.07383657,2.214767313,0.599831668
1721,点,盛景创业园小区T03,南1721,后厂村,1905.257514,2444.99032,40.74983867,8.149967733,1.739767935
1722,点,永旺家园一区,西1722,永丰南,456.198533,630.545364,10.5090894,2.10181788,0.526001073
1723,点,富力桃园,南1723,霍营地铁站,1824.958005,2430.7729,40.51288167,8.102576333,1.733727663
1724,点,建材城东一里,西1724,霍营地铁站,1263.695365,1790.621773,29.84369622,5.968739243,3.118233151
1725,点,建材城西二里,西1725,育新地铁站,589.481929,581.181719,9.686361983,1.937272397,0.749664837
1726,点,图景嘉园,南1726,西北旺地铁站,1887.201164,2969.515631,49.49192718,9.898385437,2.946702199
1727,点,盛景创业园小区T03,东1727,后厂村,1952.169697,2507.033292,41.7838882,8.35677764,1.756825765
1728,点,永旺家园一区,北1728,永丰南,340.206632,441.571043,7.359517383,1.471903477,0.357446092
1729,点,建材城富力桃园,东1729,霍营地铁站,1619.456471,2433.764522,40.56274203,8.112548407,1.554451122
1730,点,建材城东一里,东1730,霍营地铁站,1317.559883,1834.710149,30.57850248,6.115700497,3.257716089
1731,点,富力桃园,西1731,霍营地铁站,1640.413856,2445.379383,40.75632305,8.15126461,1.562194711
1732,点,盛景创业园小区T03,西1732,后厂村,2043.105878,2644.526277,44.07543795,8.81508759,1.874533588
1733,点,富力桃园,东1733,霍营地铁站,1847.045727,2714.081767,45.23469612,9.046939223,1.740428596
1734,点,知本时代,东1734,霍营地铁站,762.647584,1062.905913,17.71509855,3.54301971,3.269514305
1735,点,枫丹丽舍小区,东1735,霍营地铁站,739.750899,933.298196,15.55496993,3.110993987,2.245845875
1736,点,新康园南区,北1736,育新地铁站,434.657687,641.304958,10.68841597,2.137683193,1.497285694
1737,点,图景嘉园,东1737,西北旺地铁站,2069.399728,2955.422851,49.25704752,9.851409503,2.584731819
1738,点,唐家岭新城西区,西1738,西北旺地铁站,2096.175044,2961.890578,49.36484297,9.872968593,2.571795615
1739,点,建材城西一里,北1739,育新地铁站,545.015385,784.135031,13.06891718,2.613783437,2.06862198
1740,点,金隅翡丽·蓝爵堡,南1740,霍营地铁站,928.399562,1286.33139,21.4388565,4.2877713,2.864414356
1741,点,永旺家园五区,北1741,永丰南,276.478916,898.909146,14.9818191,2.99636382,0.628132719
1742,点,永旺家园五区,东1742,永丰南,401.093184,1051.001364,17.5166894,3.50333788,0.802581307
1743,点,唐家岭新城西区,东1743,后厂村,2099.165468,2676.59328,44.609888,8.9219776,1.824741086
1744,点,建材城富力桃园,东1744,霍营地铁站,1521.448779,2600.941055,43.34901758,8.669803517,1.665905007
1745,点,金隅翡丽·华庭,西1745,霍营地铁站,701.957359,904.982325,15.08303875,3.01660775,2.38931944
1746,点,永旺家园二区,南1746,永丰南,260.631844,883.417449,14.72362415,2.94472483,0.564299024
1747,点,建材城东二里,北1747,霍营地铁站,1308.933211,1728.886585,28.81477642,5.762955283,2.276724233
1748,点,建材城西二里,东1748,霍营地铁站,754.890532,1007.501189,16.79168648,3.358337297,3.529774035
1749,点,知本时代,东1749,霍营地铁站,754.890532,1007.501189,16.79168648,3.358337297,3.529774035
1750,点,金隅翡丽·铂爵郡,东1750,霍营地铁站,1164.714549,1582.427282,26.37378803,5.274757607,1.85030083
1751,点,知本时代,东1751,霍营地铁站,662.690652,924.639221,15.41065368,3.082130737,3.198317017
1752,点,金隅翡丽·华庭,东1752,霍营地铁站,804.200981,1114.498903,18.57498172,3.714996343,2.967794988
1753,点,富力桃园,北1753,霍营地铁站,1673.484503,2917.827314,48.63045523,9.726091047,1.877167895
1754,点,建材城西二里,北1754,育新地铁站,742.470499,1010.558394,16.8426399,3.36852798,2.974341256
1755,点,图景嘉园,北1755,永丰南,1982.932529,3152.253363,52.53755605,10.50751121,2.101301653
1756,点,金隅翡丽·爱公馆,南1756,霍营地铁站,1277.122652,1708.832886,28.4805481,5.69610962,2.236615967
1757,点,金隅翡丽·蓝爵堡,西1757,霍营地铁站,812.49139,1098.360869,18.30601448,3.661202897,3.03234901
1758,点,金隅翡丽·爱公馆,南1758,霍营地铁站,1388.403722,1854.044012,30.90073353,6.180146707,2.527045396
1759,点,T08小区,南1759,后厂村,2074.200178,2747.563867,45.79273112,9.158546223,1.935765642
1760,点,金隅翡丽·爱公馆,西1760,霍营地铁站,1192.078812,1663.728913,27.72881522,5.545763043,2.04961017
1761,点,知本时代,北1761,霍营地铁站,643.654203,886.262516,14.77104193,2.954208387,3.044805885
1762,点,万和嘉园一区,西1762,后厂村,1623.713521,2132.532346,35.54220577,7.108441153,3.336906631
1763,点,金隅翡丽·华庭,西1763,霍营地铁站,623.491893,820.852075,13.68086792,2.736173583,2.221054456
1764,点,唐家岭新城西区,北1764,永丰南,2178.579736,2947.531047,49.12551745,9.82510349,1.675317247
1765,点,金隅翡丽·蓝爵堡,北1765,霍营地铁站,832.470981,1157.248663,19.28747772,3.857495543,3.323268434
1766,点,永旺家园四区,南1766,永丰南,694.630173,1350.689675,22.51149458,4.502298917,1.066899331
1767,点,西颐小区,西1767,温阳路地铁站,266.65446,351.311114,5.855185233,1.171037047,0.418387483
1768,点,永旺家园二区,东1768,永丰南,342.648331,931.412593,15.52354322,3.104708643,0.951306154
1769,点,唐家岭新城东区,南1769,后厂村,1967.110856,2725.307496,45.4217916,9.08435832,2.426128738
1770,点,永旺家园三区,西1770,永丰南,362.357125,936.513568,15.60855947,3.121711893,0.971710949
1771,点,住总.旗胜家园东区,南1771,霍营地铁站,448.520033,663.071603,11.05119338,2.210238677,1.887024796
1772,点,住总·旗胜家园南区,南1772,霍营地铁站,462.67013,802.539435,13.37565725,2.67513145,2.399570337
1773,点,永旺家园四区,西1773,永丰南,617.145145,1227.314875,20.45524792,4.091049583,1.122155445
1774,点,T08小区,东1774,后厂村,2141.206069,2946.566686,49.10944477,9.821888953,2.333786329
1775,点,T08小区,西1775,后厂村,2250.046207,2851.816251,47.53027085,9.50605417,1.902783972
1776,点,永旺家园三区,东1776,永丰南,585.847573,1163.651155,19.39418592,3.878837183,1.221337453
1777,点,住总.旗胜家园东区,西1777,霍营地铁站,360.918616,515.378789,8.589646483,1.717929297,1.719503138
1778,点,唐家岭新城东区,西1778,后厂村,2174.946721,2993.389001,49.88981668,9.977963337,2.405094282
1779,点,万和嘉园二区,西1779,后厂村,1863.797754,2444.459046,40.7409841,8.14819682,3.218207151
1780,点,永旺家园四区,东1780,永丰南,860.655213,1379.654599,22.99424332,4.598848663,1.640223598
1781,点,北分厂家属区,北1781,温阳路,270.84617,278.436797,4.640613283,0.928122657,0.220369796
1782,点,住总·旗胜家园南区,北1782,霍营地铁站,304.402253,598.953127,9.982552117,1.996510423,2.053809795
1783,点,住总·旗胜家园南区,北1783,霍营地铁站,272.856731,524.711727,8.74519545,1.74903909,1.756836098
1784,点,万和嘉园一区,北1784,后厂村,1820.040009,2208.893538,36.8148923,7.36297846,3.192409742
1785,点,北分厂家属区,北1785,温阳路地铁站,501.979953,582.687102,9.7114517,1.94229034,0.46561801
1786,点,唐家岭新城东区,东1786,后厂村,2075.058619,2736.297422,45.60495703,9.120991407,2.63065436
1787,点,唐家岭新城东区,北1787,后厂村,2229.092512,3024.540467,50.40900778,10.08180156,2.305292947
1788,点,安河家园,西1788,北安河地铁站,286.307065,408.983646,6.8163941,1.36327882,0.804774619
1789,点,安河家园,南1789,北安河地铁站,102.995892,293.571204,4.8928534,0.97857068,0.750749159
1790,点,安河家园,北1790,北安河地铁站,322.244124,549.950696,9.165844933,1.833168987,1.348542181
1791,点,安河家园,北1791,北安河地铁站,353.13619,620.57387,10.34289783,2.068579567,1.631051356
1792,点,德成公寓,西1792,永丰地铁站,326.499093,474.489008,7.908150133,1.581630027,0.759200075
1793,点,德成公寓,东1793,永丰地铁站,391.577891,553.472609,9.224543483,1.844908697,0.498092686
1794,点,首创天阅西山,南1794,永丰地铁站,754.41308,962.998131,16.04996885,3.20999377,1.101847315
1795,点,航天城五院社区,南1795,永丰南,2363.503688,3715.122931,61.91871552,12.3837431,2.131037023
1796,点,首创悦榕汇,南1796,永丰地铁站,923.751063,1139.610659,18.99351098,3.798702197,1.455086782
1797,点,永丰嘉园一区,南1797,永丰南,1528.938449,2546.067486,42.4344581,8.48689162,2.4132652
1798,点,首创天阅西山,西1798,永丰地铁站,754.059217,1019.636206,16.99393677,3.398787353,1.184788152
1799,点,航天城五院社区,南1799,生命科学园地铁站,2452.330725,3312.336477,55.20560795,11.04112159,2.578043219
1800,点,航天城五院社区,西1800,永丰南,2250.000291,3479.954224,57.99923707,11.59984741,1.997116362
1801,点,永丰嘉园一区,西1801,永丰地铁站,1445.777463,1662.412317,27.70687195,5.54137439,1.216171172
1802,点,首创悦榕汇,西1802,永丰地铁站,930.863266,1069.671604,17.82786007,3.565572013,1.315202848
1803,点,航天城五院社区,南1803,生命科学园地铁站,2236.858044,3068.393789,51.13989648,10.2279793,2.874877918
1804,点,航天城五院社区,西1804,永丰南,2286.197368,3394.164421,56.56940702,11.3138814,1.796811698
1805,点,永丰嘉园三区,南1805,永丰地铁站,1596.344049,1818.18984,30.303164,6.0606328,1.501436652
1806,点,永丰嘉园二区,西1806,永丰南,1785.286606,2511.20278,41.85337967,8.370675933,2.027842721
1807,点,永丰嘉园二区,西1807,永丰地铁站,1800.046824,2035.925362,33.93208937,6.786417873,2.199307673
1808,点,永丰嘉园二区,东1808,永丰南,1974.455473,2769.240657,46.15401095,9.23080219,2.979171541
1809,点,永丰嘉园四区,西1809,永丰地铁站,1749.125137,2081.106342,34.6851057,6.93702114,2.578110885
1810,点,航天城五院社区,西1810,永丰南,2347.674339,3223.334388,53.7222398,10.74444796,1.784804152
1811,点,颐丰庄园西区,东1811,永丰地铁站,1221.271078,1471.68395,24.52806583,4.905613167,1.416054506
1812,点,永丰嘉园二区,东1812,永丰南,1984.945368,2830.677316,47.17795527,9.435591053,3.339663936
1813,点,颐丰庄园,西1813,永丰地铁站,1289.050436,1552.339912,25.87233187,5.174466373,1.494037393
1814,点,颐丰庄园,南1814,永丰地铁站,1175.849744,1721.508834,28.6918139,5.73836278,1.679241874
1815,点,永丰嘉园三区,东1815,永丰地铁站,1727.606165,2297.578166,38.29296943,7.658593887,2.155626777
1816,点,万科翡翠书院,西1816,永丰地铁站,1599.931014,2045.29745,34.08829083,6.817658167,2.142472242
1817,点,大牛坊社区1期,西1817,永丰地铁站,1224.888945,2380.016686,39.66694477,7.933388953,2.851472818
1818,点,燕保·辛店家园,南1818,永丰南,2382.403934,3276.086091,54.60143485,10.92028697,1.710785892
1819,点,永丰嘉园五区,南1819,永丰地铁站,1805.41446,2318.826226,38.64710377,7.729420753,2.138134285
1820,点,万科翡翠书院,东1820,永丰地铁站,1544.675904,1800.683761,30.01139602,6.002279203,1.948126185
1821,点,永丰嘉园五区,西1821,永丰地铁站,1697.951646,2168.523121,36.14205202,7.228410403,1.682451175
1822,点,五矿观山,南1822,北安河地铁站,2003.44743,2710.025456,45.16709093,9.033418187,4.212982536
1823,点,永丰嘉园五区,东1823,永丰地铁站,1888.813884,2465.162837,41.08604728,8.217209457,2.723504431
1824,点,颐丰庄园,北1824,永丰地铁站,1438.288321,1988.013142,33.13355237,6.626710473,2.060410729
1825,点,中铁碧桂园丰锦苑,西1825,永丰地铁站,1468.66927,1925.075146,32.08458577,6.416917153,2.196919697
1826,点,永丰嘉园五区,北1826,永丰地铁站,1787.660643,2531.006912,42.18344853,8.436689707,3.356907431
1827,点,中铁碧桂园丰锦苑,南1827,永丰地铁站,1468.616529,2168.102937,36.13504895,7.22700979,1.896250037
1828,点,大牛坊社区1期,北1828,永丰地铁站,1438.412053,2012.238342,33.5373057,6.70746114,1.560148065
1829,点,友谊嘉园西里,西1829,永丰地铁站,1983.08321,2896.04378,48.26739633,9.653479267,3.045142548
1830,点,大牛坊社区1期,北1830,永丰地铁站,1453.485604,1925.186693,32.08644488,6.417288977,1.335409312
1831,点,友谊嘉园,南1831,永丰地铁站,2268.695915,3342.689798,55.71149663,11.14229933,3.11496485
1832,点,大牛坊社区2期,南1832,永丰地铁站,1485.916353,2004.030172,33.40050287,6.680100573,1.489476772
1833,点,友谊嘉园西里,东1833,永丰地铁站,2151.132121,3099.889881,51.66483135,10.33296627,3.429201374
1834,点,友谊嘉园,西1834,永丰地铁站,2170.982526,3108.543275,51.80905458,10.36181092,3.463816361
1835,点,中铁碧桂园丰锦苑,西1835,永丰地铁站,1671.406159,2177.874353,36.29790588,7.259581177,2.343873561
1836,点,燕保·辛店家园,北1836,永丰地铁站,2464.334502,3186.578036,53.10963393,10.62192679,2.299231674
1837,点,友谊嘉园一期,南1837,永丰地铁站,2432.780552,3222.568786,53.70947977,10.74189595,2.443200568
1838,点,中铁碧桂园丰锦苑,东1838,永丰地铁站,1613.616402,2272.50343,37.87505717,7.575011433,2.030104032
1839,点,五矿观山,北1839,北安河地铁站,2256.085177,3003.323913,50.05539855,10.01107971,5.38624747
1840,点,友谊嘉园西里,北1840,永丰地铁站,2069.628096,2818.633156,46.97721927,9.395443853,2.517613824
1841,点,友谊嘉园,东1841,永丰地铁站,2379.425156,3387.408538,56.45680897,11.29136179,3.127048063
1842,点,友谊嘉园一期,西1842,永丰地铁站,2403.613986,3370.940994,56.1823499,11.23646998,3.061175055
1843,点,大牛坊社区4期,南1843,永丰地铁站,1683.652399,2308.471727,38.47452878,7.694905757,1.779129875
1844,点,大牛坊社区2期,北1844,永丰地铁站,1664.578116,2219.108743,36.98514572,7.397029143,1.600395996
1845,点,友谊嘉园,北1845,永丰地铁站,2303.095033,3076.68458,51.27807633,10.25561527,2.757740756
1846,点,玉河华府,南1846,永丰地铁站,1701.719536,2152.950048,35.8825008,7.17650016,1.468072986
1847,点,友谊嘉园一期,北1847,永丰地铁站,2509.103259,3300.345576,55.0057596,11.00115192,2.310400896
1848,点,大牛坊社区4期,东1848,永丰地铁站,1807.584102,2369.337827,39.48896378,7.897792757,1.772861938
1849,点,玉河华府,西1849,永丰地铁站,1807.444967,2368.682169,39.47803615,7.89560723,1.772206278
1850,点,青棠湾,西1850,永丰地铁站,2715.198015,3448.961995,57.48269992,11.49653998,2.09026643
1851,点,青棠湾,南1851,生命科学园地铁站,2557.115706,2962.135575,49.36892625,9.87378525,2.483931494
1852,点,青棠湾,北1852,生命科学园地铁站,2657.972387,3197.94172,53.29902867,10.65980573,2.878505215
1853,点,青棠湾,东1853,生命科学园地铁站,2397.442781,2850.435944,47.50726573,9.501453147,1.895230048
1854,点,凤凰苑,南1854,北安河地铁站,4833.59996,6689.120523,111.4853421,22.29706841,8.424463755
1855,点,荷颐苑,东1855,稻香湖路,2891.665996,3660.034524,61.0005754,12.20011508,5.562613707
1856,点,常乐新村别墅,西1856,稻香湖路,3151.932489,3969.441227,66.15735378,13.23147076,6.800301663
1857,点,尚院,南1857,屯佃地铁站,3258.732672,4198.688915,69.97814858,13.99562972,4.654169125
1858,点,世茂·西山龙胤,南1858,屯佃地铁站,3345.555815,4576.066872,76.2677812,15.25355624,5.01490885
1859,点,尚院,西1859,屯佃地铁站,3403.779648,4520.961953,75.34936588,15.06987318,5.5232421
1860,点,凤仪佳苑六里,东1860,温阳路地铁站,3507.287851,3776.894064,62.9482344,12.58964688,3.086764465
1861,点,凤仪佳苑六里,西1861,温阳路地铁站,3638.15675,4009.281686,66.82136143,13.36427229,3.505891607
1862,点,凤仪佳苑七里,西1862,温阳路地铁站,3749.431932,4240.084077,70.66806795,14.13361359,3.966922664
1863,点,凤仪佳苑七里,东1863,温阳路地铁站,3711.677518,4073.390413,67.88984022,13.57796804,3.634116325
1864,点,凤仪佳苑七里,西1864,温阳路地铁站,3794.933674,4291.277802,71.5212967,14.30425934,4.06931564
1865,点,凤仪佳苑八里,南1865,温阳路地铁站,3858.668346,4260.286838,71.00478063,14.20095613,4.116561167
1866,点,同泽园东里,南1866,北安河地铁站,3783.415162,4878.416481,81.30694135,16.26138827,4.730556027
1867,点,同泽园西里,南1867,北安河地铁站,3759.059392,4574.923679,76.24872798,15.2497456,5.037394959
1868,点,同泽园东里,西1868,北安河地铁站,3852.40604,4830.081917,80.50136528,16.10027306,5.002440308
1869,点,凤仪佳苑八里,东1869,温阳路地铁站,3984.015805,4295.50255,71.59170917,14.31834183,4.186996463
1870,点,同泽园西里,东1870,北安河地铁站,3936.582703,4929.052795,82.15087992,16.43017598,5.185599143
1871,点,凤仪佳苑八里,西1871,北安河地铁站,4010.833609,4982.457603,83.04096005,16.60819201,4.776391569
1872,点,同泽园东里,西1872,北安河地铁站,3984.863021,4964.282914,82.73804857,16.54760971,5.270857958
1873,点,凤凰岭公寓,南1873,北安河地铁站,4243.3388,5207.947111,86.79911852,17.3598237,7.585752808
1874,点,同泽园西里,西1874,北安河地铁站,4059.516683,4752.062382,79.2010397,15.84020794,5.502071312
1875,点,同泽园东里,北1875,北安河地铁站,4158.847484,5327.583843,88.79306405,17.75861281,5.121291453
1876,点,前沙涧西区,南1876,北安河地铁站,4204.156621,5369.274243,89.48790405,17.89758081,5.194694386
1877,点,同泽园西里,北1877,北安河地铁站,4217.525308,5220.646097,87.01076828,17.40215366,5.514406522
1878,点,凤仪佳苑二里,南1878,北安河地铁站,4416.91998,5479.504223,91.32507038,18.26501408,4.748886177
1879,点,凤仪佳苑二里,北1879,温阳路地铁站,4502.278144,4882.746069,81.37910115,16.27582023,4.85130582
1880,点,凤仪佳苑二里,北1880,温阳路地铁站,4539.80827,4986.784301,83.11307168,16.62261434,5.059394072
1881,点,前沙涧路7号院,西1881,温阳路地铁站,4540.461917,4879.877476,81.33129127,16.26625825,4.845568211
1882,点,前沙涧西区,北1882,北安河地铁站,4518.931019,5670.825216,94.5137536,18.90275072,5.720453795
1883,点,麓景嘉园南里,东1883,温阳路地铁站,4593.773565,4928.896798,82.14827997,16.42965599,4.943612563
1884,点,前沙涧路7号院,东1884,温阳路地铁站,4587.55568,4779.290538,79.6548423,15.93096846,4.437380626
1885,点,凤凰小区,南1885,北安河地铁站,4764.669459,5563.169932,92.71949887,18.54389977,7.168473315
1886,点,麓景嘉园南里,西1886,北安河地铁站,4698.825151,5687.677155,94.79461925,18.95892385,5.585708476
1887,点,前沙涧路7号院,西1887,温阳路地铁站,4739.279244,5083.343009,84.72238348,16.9444767,5.252522141
1888,点,麓景嘉园南里,东1888,温阳路地铁站,4749.783268,5088.807344,84.81345573,16.96269115,5.263451365
1889,点,麓景嘉园南里,西1889,北安河地铁站,4773.376708,5764.383792,96.0730632,19.21461264,5.739130275
1890,点,麓景嘉园北里,南1890,温阳路地铁站,4799.146017,5103.975037,85.06625062,17.01325012,5.07562591
1891,点,麓景嘉园北里,南1891,北安河地铁站,4880.745702,6002.092479,100.0348747,20.00697493,5.265470011
1892,点,翠湖别墅,东1892,屯佃地铁站,4904.363506,6125.212377,102.086873,20.41737459,8.515350512
1893,点,麓景嘉园北里,北1893,温阳路地铁站,5061.302228,5416.150578,90.2691763,18.05383526,5.300487661
1894,点,翠湖别墅,北1894,屯佃地铁站,5051.074988,6042.148349,100.7024725,20.1404945,8.183079168
1895,点,海淀上郡,西1895,巩华城,4518.517212,5345.351509,89.08919182,17.81783836,4.115570177
1896,点,海淀上郡,东1896,巩华城,4233.449397,5146.602931,85.77671552,17.1553431,3.580095532
1897,点,馨瑞嘉园,西1897,永丰地铁站,6211.989537,8620.320406,143.6720068,28.73440135,6.602500974
1898,点,海淀上郡,北1898,巩华城,4404.278482,5590.34903,93.17248383,18.63449677,3.964219024
1899,点,翠北嘉园,东1899,屯佃地铁站,6379.4428,7369.370059,122.8228343,24.56456686,6.883026836
1900,点,馨瑞嘉园,东1900,永丰地铁站,6187.655331,8377.591018,139.626517,27.92530339,5.025983073
1901,点,馨瑞嘉园,西1901,永丰地铁站,6338.1693,8135.214606,135.5869101,27.11738202,5.756353436
1902,点,海淀·嘉郡,南1902,屯佃地铁站,6385.128661,7274.875119,121.2479187,24.24958373,6.757559424
1903,点,馨瑞嘉园,北1903,永丰地铁站,6317.64442,8336.030195,138.9338366,27.78676732,5.539772602
1904,点,上庄三嘉信苑,南1904,屯佃地铁站,6459.135265,7427.795703,123.7965951,24.75931901,7.050887157
1905,点,翠北嘉园,北1905,屯佃地铁站,6527.062609,7636.641341,127.2773557,25.45547114,7.513434198
1906,点,海淀·嘉郡,西1906,屯佃地铁站,6539.17174,7431.235881,123.8539314,24.77078627,7.101036989
1907,点,上庄三嘉信苑,东1907,屯佃地铁站,6572.1771,7459.17761,124.3196268,24.86392537,7.078131885
1908,点,馨悦家园一期,南1908,永丰地铁站,6536.87679,8374.788735,139.5798123,27.91596245,6.236005973
1909,点,馨悦家园一期,南1909,永丰地铁站,6519.136309,8455.216695,140.9202783,28.18405565,6.343616897
1910,点,馨悦家园二期,南1910,永丰地铁站,6475.966452,8562.462417,142.707707,28.54154139,5.769112975
1911,点,馨悦家园二期,南1911,永丰地铁站,6455.823809,8627.730879,143.7955147,28.75910293,5.508026919
1912,点,馨悦家园一期,西1912,永丰地铁站,6614.874117,8386.609059,139.7768177,27.95536353,5.809525238
1913,点,上庄三嘉信苑,北1913,屯佃地铁站,6740.476734,7726.352095,128.7725349,25.75450698,7.727185727
1914,点,馨悦家园二期,北1914,永丰地铁站,6588.475672,8723.419201,145.39032,29.078064,5.393457398
1915,点,馨悦家园一期,北1915,永丰地铁站,6654.046029,8607.650649,143.4608442,28.69216883,5.513818528
1916,点,海淀·嘉郡,北1916,屯佃地铁站,6727.145514,7707.35823,128.4559705,25.6911941,7.665065682
